[     334ms] [INFO] %cDownload the React DevTools for a better development experience: https://react.dev/link/react-devtools font-weight:bold @ webpack-internal:///(app-pages-browser)/./node_modules/.pnpm/next@15.2.4_@babel+core@7.2_9ae94504e71afbbf12417084439d6b89/node_modules/next/dist/compiled/react-dom/cjs/react-dom-client.development.js:24914
[     406ms] [LOG] [Unified Card System] System loaded, waiting for client initialization... @ webpack-internal:///(app-pages-browser)/./card/index-unified.ts:265
[     406ms] [LOG] [Card System] 🚀 Using UNIFIED card system implementation (default) @ webpack-internal:///(app-pages-browser)/./card/index.ts:53
[     503ms] [LOG] [ChunkLoadErrorHandler] Service Worker registered: http://127.0.0.1:3000/ @ webpack-internal:///(app-pages-browser)/./components/chunk-load-error-handler.tsx:21
[     595ms] [LOG] [CardSystemInitializer] 开始初始化卡牌系统... @ webpack-internal:///(app-pages-browser)/./components/card-system-initializer.tsx:37
[     596ms] [LOG] [UnifiedCardStore] Checking for legacy data migration... @ webpack-internal:///(app-pages-browser)/./card/stores/store-actions.ts:1173
[     597ms] [LOG] [UnifiedCardStore] Starting unified card loading... @ webpack-internal:///(app-pages-browser)/./card/stores/store-actions.ts:1034
[     597ms] [LOG] [UnifiedCardStore] Starting builtin cards seeding... @ webpack-internal:///(app-pages-browser)/./card/stores/store-actions.ts:1140
[     597ms] [LOG] [UnifiedCardStore] Restoring builtin batch disabled status: false @ webpack-internal:///(app-pages-browser)/./card/stores/store-actions.ts:1151
[     597ms] [LOG] [UnifiedCardStore] Importing builtin cards... @ webpack-internal:///(app-pages-browser)/./card/stores/store-actions.ts:1163
[     597ms] [LOG] [UnifiedCardStore] Importing builtin cards from JSON... @ webpack-internal:///(app-pages-browser)/./card/stores/store-actions.ts:1196
[     703ms] [LOG] [CardSystemInitializer] 卡牌系统已初始化或正在初始化中 @ webpack-internal:///(app-pages-browser)/./components/card-system-initializer.tsx:33
[     782ms] [ERROR] Failed to load resource: the server responded with a status of 404 (Not Found) @ http://127.0.0.1:3000/favicon.ico:0
[     923ms] [LOG] [UnifiedCardStore] Successfully imported 321 builtin cards @ webpack-internal:///(app-pages-browser)/./card/stores/store-actions.ts:1281
[     923ms] [LOG] [UnifiedCardStore] Builtin cards seeding completed @ webpack-internal:///(app-pages-browser)/./card/stores/store-actions.ts:1165
[     923ms] [LOG] [UnifiedCardStore] Loading custom cards from localStorage... @ webpack-internal:///(app-pages-browser)/./card/stores/store-actions.ts:1049
[     923ms] [LOG] [UnifiedCardStore] Skipping builtin batch - already loaded first @ webpack-internal:///(app-pages-browser)/./card/stores/store-actions.ts:1082
[     924ms] [LOG] [UnifiedCardStore] Loaded 0 custom batches with 0 cards @ webpack-internal:///(app-pages-browser)/./card/stores/store-actions.ts:1133
[     924ms] [LOG] [UnifiedCardStore] Unified card loading completed @ webpack-internal:///(app-pages-browser)/./card/stores/store-actions.ts:1040
[     924ms] [LOG] [UnifiedCardStore] Rebuilt subclass card index - sample: [profession, ancestry, community, subclass, domain, 野兽形态] @ webpack-internal:///(app-pages-browser)/./card/stores/store-actions.ts:988
[     924ms] [LOG] [UnifiedCardStore] Rebuilt level card index - sample: [ancestry, subclass, domain, 野兽形态] @ webpack-internal:///(app-pages-browser)/./card/stores/store-actions.ts:989
[     924ms] [LOG] [UnifiedCardStore] Rebuilt batch keyword index - sample: [SYSTEM_BUILTIN_CARDS] @ webpack-internal:///(app-pages-browser)/./card/stores/store-actions.ts:990
[     924ms] [LOG] [UnifiedCardStore] Rebuilt batch level index - sample: [SYSTEM_BUILTIN_CARDS] @ webpack-internal:///(app-pages-browser)/./card/stores/store-actions.ts:991
[     928ms] [LOG] [CardSystemInitializer] 卡牌系统初始化完成 @ webpack-internal:///(app-pages-browser)/./components/card-system-initializer.tsx:41
[     928ms] [LOG] [CardSystemInitializer] 已将统一卡牌Store暴露到全局对象 @ webpack-internal:///(app-pages-browser)/./components/card-system-initializer.tsx:45
[    1035ms] [LOG] [CardSystemInitializer] 卡牌系统已初始化或正在初始化中 @ webpack-internal:///(app-pages-browser)/./components/card-system-initializer.tsx:33
[    1511ms] [LOG] [Fast Refresh] rebuilding @ webpack-internal:///(app-pages-browser)/./node_modules/.pnpm/next@15.2.4_@babel+core@7.2_9ae94504e71afbbf12417084439d6b89/node_modules/next/dist/client/components/react-dev-overlay/app/hot-reloader-client.js:241
[    1834ms] [LOG] [Fast Refresh] done in 322ms @ webpack-internal:///(app-pages-browser)/./node_modules/.pnpm/next@15.2.4_@babel+core@7.2_9ae94504e71afbbf12417084439d6b89/node_modules/next/dist/client/components/react-dev-overlay/app/hot-reloader-client.js:73
[    2363ms] [LOG] [Fast Refresh] done in 852ms @ webpack-internal:///(app-pages-browser)/./node_modules/.pnpm/next@15.2.4_@babel+core@7.2_9ae94504e71afbbf12417084439d6b89/node_modules/next/dist/client/components/react-dev-overlay/app/hot-reloader-client.js:73
[    2370ms] [LOG] [Fast Refresh] rebuilding @ webpack-internal:///(app-pages-browser)/./node_modules/.pnpm/next@15.2.4_@babel+core@7.2_9ae94504e71afbbf12417084439d6b89/node_modules/next/dist/client/components/react-dev-overlay/app/hot-reloader-client.js:241
[    3192ms] [LOG] [Fast Refresh] done in 821ms @ webpack-internal:///(app-pages-browser)/./node_modules/.pnpm/next@15.2.4_@babel+core@7.2_9ae94504e71afbbf12417084439d6b89/node_modules/next/dist/client/components/react-dev-overlay/app/hot-reloader-client.js:73
[    3201ms] [LOG] [Fast Refresh] rebuilding @ webpack-internal:///(app-pages-browser)/./node_modules/.pnpm/next@15.2.4_@babel+core@7.2_9ae94504e71afbbf12417084439d6b89/node_modules/next/dist/client/components/react-dev-overlay/app/hot-reloader-client.js:241
[    3987ms] [LOG] [Fast Refresh] done in 786ms @ webpack-internal:///(app-pages-browser)/./node_modules/.pnpm/next@15.2.4_@babel+core@7.2_9ae94504e71afbbf12417084439d6b89/node_modules/next/dist/client/components/react-dev-overlay/app/hot-reloader-client.js:73
[    3994ms] [LOG] [Fast Refresh] rebuilding @ webpack-internal:///(app-pages-browser)/./node_modules/.pnpm/next@15.2.4_@babel+core@7.2_9ae94504e71afbbf12417084439d6b89/node_modules/next/dist/client/components/react-dev-overlay/app/hot-reloader-client.js:241
[    4809ms] [LOG] [Fast Refresh] done in 815ms @ webpack-internal:///(app-pages-browser)/./node_modules/.pnpm/next@15.2.4_@babel+core@7.2_9ae94504e71afbbf12417084439d6b89/node_modules/next/dist/client/components/react-dev-overlay/app/hot-reloader-client.js:73
[    4816ms] [LOG] [Fast Refresh] rebuilding @ webpack-internal:///(app-pages-browser)/./node_modules/.pnpm/next@15.2.4_@babel+core@7.2_9ae94504e71afbbf12417084439d6b89/node_modules/next/dist/client/components/react-dev-overlay/app/hot-reloader-client.js:241
[    5629ms] [LOG] [Fast Refresh] done in 813ms @ webpack-internal:///(app-pages-browser)/./node_modules/.pnpm/next@15.2.4_@babel+core@7.2_9ae94504e71afbbf12417084439d6b89/node_modules/next/dist/client/components/react-dev-overlay/app/hot-reloader-client.js:73
[    5636ms] [LOG] [Fast Refresh] rebuilding @ webpack-internal:///(app-pages-browser)/./node_modules/.pnpm/next@15.2.4_@babel+core@7.2_9ae94504e71afbbf12417084439d6b89/node_modules/next/dist/client/components/react-dev-overlay/app/hot-reloader-client.js:241
[    6435ms] [LOG] [Fast Refresh] done in 799ms @ webpack-internal:///(app-pages-browser)/./node_modules/.pnpm/next@15.2.4_@babel+core@7.2_9ae94504e71afbbf12417084439d6b89/node_modules/next/dist/client/components/react-dev-overlay/app/hot-reloader-client.js:73
[    6443ms] [LOG] [Fast Refresh] rebuilding @ webpack-internal:///(app-pages-browser)/./node_modules/.pnpm/next@15.2.4_@babel+core@7.2_9ae94504e71afbbf12417084439d6b89/node_modules/next/dist/client/components/react-dev-overlay/app/hot-reloader-client.js:241
[    7251ms] [LOG] [Fast Refresh] done in 808ms @ webpack-internal:///(app-pages-browser)/./node_modules/.pnpm/next@15.2.4_@babel+core@7.2_9ae94504e71afbbf12417084439d6b89/node_modules/next/dist/client/components/react-dev-overlay/app/hot-reloader-client.js:73
[    7259ms] [LOG] [Fast Refresh] rebuilding @ webpack-internal:///(app-pages-browser)/./node_modules/.pnpm/next@15.2.4_@babel+core@7.2_9ae94504e71afbbf12417084439d6b89/node_modules/next/dist/client/components/react-dev-overlay/app/hot-reloader-client.js:241
[    8206ms] [LOG] [Fast Refresh] done in 947ms @ webpack-internal:///(app-pages-browser)/./node_modules/.pnpm/next@15.2.4_@babel+core@7.2_9ae94504e71afbbf12417084439d6b89/node_modules/next/dist/client/components/react-dev-overlay/app/hot-reloader-client.js:73
[    8213ms] [LOG] [Fast Refresh] rebuilding @ webpack-internal:///(app-pages-browser)/./node_modules/.pnpm/next@15.2.4_@babel+core@7.2_9ae94504e71afbbf12417084439d6b89/node_modules/next/dist/client/components/react-dev-overlay/app/hot-reloader-client.js:241
[    9096ms] [LOG] [Fast Refresh] done in 882ms @ webpack-internal:///(app-pages-browser)/./node_modules/.pnpm/next@15.2.4_@babel+core@7.2_9ae94504e71afbbf12417084439d6b89/node_modules/next/dist/client/components/react-dev-overlay/app/hot-reloader-client.js:73
[    9103ms] [LOG] [Fast Refresh] rebuilding @ webpack-internal:///(app-pages-browser)/./node_modules/.pnpm/next@15.2.4_@babel+core@7.2_9ae94504e71afbbf12417084439d6b89/node_modules/next/dist/client/components/react-dev-overlay/app/hot-reloader-client.js:241
[    9924ms] [LOG] [Fast Refresh] done in 821ms @ webpack-internal:///(app-pages-browser)/./node_modules/.pnpm/next@15.2.4_@babel+core@7.2_9ae94504e71afbbf12417084439d6b89/node_modules/next/dist/client/components/react-dev-overlay/app/hot-reloader-client.js:73
[    9932ms] [LOG] [Fast Refresh] rebuilding @ webpack-internal:///(app-pages-browser)/./node_modules/.pnpm/next@15.2.4_@babel+core@7.2_9ae94504e71afbbf12417084439d6b89/node_modules/next/dist/client/components/react-dev-overlay/app/hot-reloader-client.js:241
[   10768ms] [LOG] [Fast Refresh] done in 836ms @ webpack-internal:///(app-pages-browser)/./node_modules/.pnpm/next@15.2.4_@babel+core@7.2_9ae94504e71afbbf12417084439d6b89/node_modules/next/dist/client/components/react-dev-overlay/app/hot-reloader-client.js:73
[   10776ms] [LOG] [Fast Refresh] rebuilding @ webpack-internal:///(app-pages-browser)/./node_modules/.pnpm/next@15.2.4_@babel+core@7.2_9ae94504e71afbbf12417084439d6b89/node_modules/next/dist/client/components/react-dev-overlay/app/hot-reloader-client.js:241
[   11640ms] [LOG] [Fast Refresh] done in 864ms @ webpack-internal:///(app-pages-browser)/./node_modules/.pnpm/next@15.2.4_@babel+core@7.2_9ae94504e71afbbf12417084439d6b89/node_modules/next/dist/client/components/react-dev-overlay/app/hot-reloader-client.js:73
[   11648ms] [LOG] [Fast Refresh] rebuilding @ webpack-internal:///(app-pages-browser)/./node_modules/.pnpm/next@15.2.4_@babel+core@7.2_9ae94504e71afbbf12417084439d6b89/node_modules/next/dist/client/components/react-dev-overlay/app/hot-reloader-client.js:241
[   12477ms] [LOG] [Fast Refresh] done in 829ms @ webpack-internal:///(app-pages-browser)/./node_modules/.pnpm/next@15.2.4_@babel+core@7.2_9ae94504e71afbbf12417084439d6b89/node_modules/next/dist/client/components/react-dev-overlay/app/hot-reloader-client.js:73
[   12484ms] [LOG] [Fast Refresh] rebuilding @ webpack-internal:///(app-pages-browser)/./node_modules/.pnpm/next@15.2.4_@babel+core@7.2_9ae94504e71afbbf12417084439d6b89/node_modules/next/dist/client/components/react-dev-overlay/app/hot-reloader-client.js:241
[   13312ms] [LOG] [Fast Refresh] done in 828ms @ webpack-internal:///(app-pages-browser)/./node_modules/.pnpm/next@15.2.4_@babel+core@7.2_9ae94504e71afbbf12417084439d6b89/node_modules/next/dist/client/components/react-dev-overlay/app/hot-reloader-client.js:73
[   13320ms] [LOG] [Fast Refresh] rebuilding @ webpack-internal:///(app-pages-browser)/./node_modules/.pnpm/next@15.2.4_@babel+core@7.2_9ae94504e71afbbf12417084439d6b89/node_modules/next/dist/client/components/react-dev-overlay/app/hot-reloader-client.js:241
[   14134ms] [LOG] [Fast Refresh] done in 814ms @ webpack-internal:///(app-pages-browser)/./node_modules/.pnpm/next@15.2.4_@babel+core@7.2_9ae94504e71afbbf12417084439d6b89/node_modules/next/dist/client/components/react-dev-overlay/app/hot-reloader-client.js:73
[   14140ms] [LOG] [Fast Refresh] rebuilding @ webpack-internal:///(app-pages-browser)/./node_modules/.pnpm/next@15.2.4_@babel+core@7.2_9ae94504e71afbbf12417084439d6b89/node_modules/next/dist/client/components/react-dev-overlay/app/hot-reloader-client.js:241
[   15114ms] [LOG] [Fast Refresh] done in 974ms @ webpack-internal:///(app-pages-browser)/./node_modules/.pnpm/next@15.2.4_@babel+core@7.2_9ae94504e71afbbf12417084439d6b89/node_modules/next/dist/client/components/react-dev-overlay/app/hot-reloader-client.js:73
[   15121ms] [LOG] [Fast Refresh] rebuilding @ webpack-internal:///(app-pages-browser)/./node_modules/.pnpm/next@15.2.4_@babel+core@7.2_9ae94504e71afbbf12417084439d6b89/node_modules/next/dist/client/components/react-dev-overlay/app/hot-reloader-client.js:241
[   16014ms] [LOG] [Fast Refresh] done in 893ms @ webpack-internal:///(app-pages-browser)/./node_modules/.pnpm/next@15.2.4_@babel+core@7.2_9ae94504e71afbbf12417084439d6b89/node_modules/next/dist/client/components/react-dev-overlay/app/hot-reloader-client.js:73
[   16023ms] [LOG] [Fast Refresh] rebuilding @ webpack-internal:///(app-pages-browser)/./node_modules/.pnpm/next@15.2.4_@babel+core@7.2_9ae94504e71afbbf12417084439d6b89/node_modules/next/dist/client/components/react-dev-overlay/app/hot-reloader-client.js:241
[   16895ms] [LOG] [Fast Refresh] done in 872ms @ webpack-internal:///(app-pages-browser)/./node_modules/.pnpm/next@15.2.4_@babel+core@7.2_9ae94504e71afbbf12417084439d6b89/node_modules/next/dist/client/components/react-dev-overlay/app/hot-reloader-client.js:73
[   16902ms] [LOG] [Fast Refresh] rebuilding @ webpack-internal:///(app-pages-browser)/./node_modules/.pnpm/next@15.2.4_@babel+core@7.2_9ae94504e71afbbf12417084439d6b89/node_modules/next/dist/client/components/react-dev-overlay/app/hot-reloader-client.js:241
[   17737ms] [LOG] [Fast Refresh] done in 835ms @ webpack-internal:///(app-pages-browser)/./node_modules/.pnpm/next@15.2.4_@babel+core@7.2_9ae94504e71afbbf12417084439d6b89/node_modules/next/dist/client/components/react-dev-overlay/app/hot-reloader-client.js:73
[   17745ms] [LOG] [Fast Refresh] rebuilding @ webpack-internal:///(app-pages-browser)/./node_modules/.pnpm/next@15.2.4_@babel+core@7.2_9ae94504e71afbbf12417084439d6b89/node_modules/next/dist/client/components/react-dev-overlay/app/hot-reloader-client.js:241
[   18568ms] [LOG] [Fast Refresh] done in 823ms @ webpack-internal:///(app-pages-browser)/./node_modules/.pnpm/next@15.2.4_@babel+core@7.2_9ae94504e71afbbf12417084439d6b89/node_modules/next/dist/client/components/react-dev-overlay/app/hot-reloader-client.js:73
[   18575ms] [LOG] [Fast Refresh] rebuilding @ webpack-internal:///(app-pages-browser)/./node_modules/.pnpm/next@15.2.4_@babel+core@7.2_9ae94504e71afbbf12417084439d6b89/node_modules/next/dist/client/components/react-dev-overlay/app/hot-reloader-client.js:241
[   19483ms] [LOG] [Fast Refresh] done in 908ms @ webpack-internal:///(app-pages-browser)/./node_modules/.pnpm/next@15.2.4_@babel+core@7.2_9ae94504e71afbbf12417084439d6b89/node_modules/next/dist/client/components/react-dev-overlay/app/hot-reloader-client.js:73
[   19490ms] [LOG] [Fast Refresh] rebuilding @ webpack-internal:///(app-pages-browser)/./node_modules/.pnpm/next@15.2.4_@babel+core@7.2_9ae94504e71afbbf12417084439d6b89/node_modules/next/dist/client/components/react-dev-overlay/app/hot-reloader-client.js:241
[   20331ms] [LOG] [Fast Refresh] done in 841ms @ webpack-internal:///(app-pages-browser)/./node_modules/.pnpm/next@15.2.4_@babel+core@7.2_9ae94504e71afbbf12417084439d6b89/node_modules/next/dist/client/components/react-dev-overlay/app/hot-reloader-client.js:73
[   20339ms] [LOG] [Fast Refresh] rebuilding @ webpack-internal:///(app-pages-browser)/./node_modules/.pnpm/next@15.2.4_@babel+core@7.2_9ae94504e71afbbf12417084439d6b89/node_modules/next/dist/client/components/react-dev-overlay/app/hot-reloader-client.js:241
[   21280ms] [LOG] [Fast Refresh] done in 941ms @ webpack-internal:///(app-pages-browser)/./node_modules/.pnpm/next@15.2.4_@babel+core@7.2_9ae94504e71afbbf12417084439d6b89/node_modules/next/dist/client/components/react-dev-overlay/app/hot-reloader-client.js:73
[   21290ms] [LOG] [Fast Refresh] rebuilding @ webpack-internal:///(app-pages-browser)/./node_modules/.pnpm/next@15.2.4_@babel+core@7.2_9ae94504e71afbbf12417084439d6b89/node_modules/next/dist/client/components/react-dev-overlay/app/hot-reloader-client.js:241
[   22169ms] [LOG] [Fast Refresh] done in 878ms @ webpack-internal:///(app-pages-browser)/./node_modules/.pnpm/next@15.2.4_@babel+core@7.2_9ae94504e71afbbf12417084439d6b89/node_modules/next/dist/client/components/react-dev-overlay/app/hot-reloader-client.js:73
[   22176ms] [LOG] [Fast Refresh] rebuilding @ webpack-internal:///(app-pages-browser)/./node_modules/.pnpm/next@15.2.4_@babel+core@7.2_9ae94504e71afbbf12417084439d6b89/node_modules/next/dist/client/components/react-dev-overlay/app/hot-reloader-client.js:241
[   23029ms] [LOG] [Fast Refresh] done in 854ms @ webpack-internal:///(app-pages-browser)/./node_modules/.pnpm/next@15.2.4_@babel+core@7.2_9ae94504e71afbbf12417084439d6b89/node_modules/next/dist/client/components/react-dev-overlay/app/hot-reloader-client.js:73
[   23036ms] [LOG] [Fast Refresh] rebuilding @ webpack-internal:///(app-pages-browser)/./node_modules/.pnpm/next@15.2.4_@babel+core@7.2_9ae94504e71afbbf12417084439d6b89/node_modules/next/dist/client/components/react-dev-overlay/app/hot-reloader-client.js:241
[   23878ms] [LOG] [Fast Refresh] done in 841ms @ webpack-internal:///(app-pages-browser)/./node_modules/.pnpm/next@15.2.4_@babel+core@7.2_9ae94504e71afbbf12417084439d6b89/node_modules/next/dist/client/components/react-dev-overlay/app/hot-reloader-client.js:73
[   23885ms] [LOG] [Fast Refresh] rebuilding @ webpack-internal:///(app-pages-browser)/./node_modules/.pnpm/next@15.2.4_@babel+core@7.2_9ae94504e71afbbf12417084439d6b89/node_modules/next/dist/client/components/react-dev-overlay/app/hot-reloader-client.js:241
[   24710ms] [LOG] [Fast Refresh] done in 824ms @ webpack-internal:///(app-pages-browser)/./node_modules/.pnpm/next@15.2.4_@babel+core@7.2_9ae94504e71afbbf12417084439d6b89/node_modules/next/dist/client/components/react-dev-overlay/app/hot-reloader-client.js:73
[   24717ms] [LOG] [Fast Refresh] rebuilding @ webpack-internal:///(app-pages-browser)/./node_modules/.pnpm/next@15.2.4_@babel+core@7.2_9ae94504e71afbbf12417084439d6b89/node_modules/next/dist/client/components/react-dev-overlay/app/hot-reloader-client.js:241
[   25557ms] [LOG] [Fast Refresh] done in 840ms @ webpack-internal:///(app-pages-browser)/./node_modules/.pnpm/next@15.2.4_@babel+core@7.2_9ae94504e71afbbf12417084439d6b89/node_modules/next/dist/client/components/react-dev-overlay/app/hot-reloader-client.js:73
[   25565ms] [LOG] [Fast Refresh] rebuilding @ webpack-internal:///(app-pages-browser)/./node_modules/.pnpm/next@15.2.4_@babel+core@7.2_9ae94504e71afbbf12417084439d6b89/node_modules/next/dist/client/components/react-dev-overlay/app/hot-reloader-client.js:241
[   26502ms] [LOG] [Fast Refresh] done in 937ms @ webpack-internal:///(app-pages-browser)/./node_modules/.pnpm/next@15.2.4_@babel+core@7.2_9ae94504e71afbbf12417084439d6b89/node_modules/next/dist/client/components/react-dev-overlay/app/hot-reloader-client.js:73
[   26509ms] [LOG] [Fast Refresh] rebuilding @ webpack-internal:///(app-pages-browser)/./node_modules/.pnpm/next@15.2.4_@babel+core@7.2_9ae94504e71afbbf12417084439d6b89/node_modules/next/dist/client/components/react-dev-overlay/app/hot-reloader-client.js:241
[   27363ms] [LOG] [Fast Refresh] done in 854ms @ webpack-internal:///(app-pages-browser)/./node_modules/.pnpm/next@15.2.4_@babel+core@7.2_9ae94504e71afbbf12417084439d6b89/node_modules/next/dist/client/components/react-dev-overlay/app/hot-reloader-client.js:73
[   27370ms] [LOG] [Fast Refresh] rebuilding @ webpack-internal:///(app-pages-browser)/./node_modules/.pnpm/next@15.2.4_@babel+core@7.2_9ae94504e71afbbf12417084439d6b89/node_modules/next/dist/client/components/react-dev-overlay/app/hot-reloader-client.js:241
[   28370ms] [LOG] [Fast Refresh] done in 1000ms @ webpack-internal:///(app-pages-browser)/./node_modules/.pnpm/next@15.2.4_@babel+core@7.2_9ae94504e71afbbf12417084439d6b89/node_modules/next/dist/client/components/react-dev-overlay/app/hot-reloader-client.js:73
[   28379ms] [LOG] [Fast Refresh] rebuilding @ webpack-internal:///(app-pages-browser)/./node_modules/.pnpm/next@15.2.4_@babel+core@7.2_9ae94504e71afbbf12417084439d6b89/node_modules/next/dist/client/components/react-dev-overlay/app/hot-reloader-client.js:241
[   29229ms] [LOG] [Fast Refresh] done in 850ms @ webpack-internal:///(app-pages-browser)/./node_modules/.pnpm/next@15.2.4_@babel+core@7.2_9ae94504e71afbbf12417084439d6b89/node_modules/next/dist/client/components/react-dev-overlay/app/hot-reloader-client.js:73
[   29236ms] [LOG] [Fast Refresh] rebuilding @ webpack-internal:///(app-pages-browser)/./node_modules/.pnpm/next@15.2.4_@babel+core@7.2_9ae94504e71afbbf12417084439d6b89/node_modules/next/dist/client/components/react-dev-overlay/app/hot-reloader-client.js:241
[   30070ms] [LOG] [Fast Refresh] done in 835ms @ webpack-internal:///(app-pages-browser)/./node_modules/.pnpm/next@15.2.4_@babel+core@7.2_9ae94504e71afbbf12417084439d6b89/node_modules/next/dist/client/components/react-dev-overlay/app/hot-reloader-client.js:73
[   30078ms] [LOG] [Fast Refresh] rebuilding @ webpack-internal:///(app-pages-browser)/./node_modules/.pnpm/next@15.2.4_@babel+core@7.2_9ae94504e71afbbf12417084439d6b89/node_modules/next/dist/client/components/react-dev-overlay/app/hot-reloader-client.js:241
[   30904ms] [LOG] [Fast Refresh] done in 825ms @ webpack-internal:///(app-pages-browser)/./node_modules/.pnpm/next@15.2.4_@babel+core@7.2_9ae94504e71afbbf12417084439d6b89/node_modules/next/dist/client/components/react-dev-overlay/app/hot-reloader-client.js:73
[   30913ms] [LOG] [Fast Refresh] rebuilding @ webpack-internal:///(app-pages-browser)/./node_modules/.pnpm/next@15.2.4_@babel+core@7.2_9ae94504e71afbbf12417084439d6b89/node_modules/next/dist/client/components/react-dev-overlay/app/hot-reloader-client.js:241
[   31778ms] [LOG] [Fast Refresh] done in 866ms @ webpack-internal:///(app-pages-browser)/./node_modules/.pnpm/next@15.2.4_@babel+core@7.2_9ae94504e71afbbf12417084439d6b89/node_modules/next/dist/client/components/react-dev-overlay/app/hot-reloader-client.js:73
[   31786ms] [LOG] [Fast Refresh] rebuilding @ webpack-internal:///(app-pages-browser)/./node_modules/.pnpm/next@15.2.4_@babel+core@7.2_9ae94504e71afbbf12417084439d6b89/node_modules/next/dist/client/components/react-dev-overlay/app/hot-reloader-client.js:241
[   32636ms] [LOG] [Fast Refresh] done in 849ms @ webpack-internal:///(app-pages-browser)/./node_modules/.pnpm/next@15.2.4_@babel+core@7.2_9ae94504e71afbbf12417084439d6b89/node_modules/next/dist/client/components/react-dev-overlay/app/hot-reloader-client.js:73
[   32643ms] [LOG] [Fast Refresh] rebuilding @ webpack-internal:///(app-pages-browser)/./node_modules/.pnpm/next@15.2.4_@babel+core@7.2_9ae94504e71afbbf12417084439d6b89/node_modules/next/dist/client/components/react-dev-overlay/app/hot-reloader-client.js:241
[   33490ms] [LOG] [Fast Refresh] done in 848ms @ webpack-internal:///(app-pages-browser)/./node_modules/.pnpm/next@15.2.4_@babel+core@7.2_9ae94504e71afbbf12417084439d6b89/node_modules/next/dist/client/components/react-dev-overlay/app/hot-reloader-client.js:73
[   33497ms] [LOG] [Fast Refresh] rebuilding @ webpack-internal:///(app-pages-browser)/./node_modules/.pnpm/next@15.2.4_@babel+core@7.2_9ae94504e71afbbf12417084439d6b89/node_modules/next/dist/client/components/react-dev-overlay/app/hot-reloader-client.js:241
[   34354ms] [LOG] [Fast Refresh] done in 858ms @ webpack-internal:///(app-pages-browser)/./node_modules/.pnpm/next@15.2.4_@babel+core@7.2_9ae94504e71afbbf12417084439d6b89/node_modules/next/dist/client/components/react-dev-overlay/app/hot-reloader-client.js:73
[   34361ms] [LOG] [Fast Refresh] rebuilding @ webpack-internal:///(app-pages-browser)/./node_modules/.pnpm/next@15.2.4_@babel+core@7.2_9ae94504e71afbbf12417084439d6b89/node_modules/next/dist/client/components/react-dev-overlay/app/hot-reloader-client.js:241
[   35314ms] [LOG] [Fast Refresh] done in 954ms @ webpack-internal:///(app-pages-browser)/./node_modules/.pnpm/next@15.2.4_@babel+core@7.2_9ae94504e71afbbf12417084439d6b89/node_modules/next/dist/client/components/react-dev-overlay/app/hot-reloader-client.js:73
[   35322ms] [LOG] [Fast Refresh] rebuilding @ webpack-internal:///(app-pages-browser)/./node_modules/.pnpm/next@15.2.4_@babel+core@7.2_9ae94504e71afbbf12417084439d6b89/node_modules/next/dist/client/components/react-dev-overlay/app/hot-reloader-client.js:241
[   36265ms] [LOG] [Fast Refresh] done in 943ms @ webpack-internal:///(app-pages-browser)/./node_modules/.pnpm/next@15.2.4_@babel+core@7.2_9ae94504e71afbbf12417084439d6b89/node_modules/next/dist/client/components/react-dev-overlay/app/hot-reloader-client.js:73
[   36275ms] [LOG] [Fast Refresh] rebuilding @ webpack-internal:///(app-pages-browser)/./node_modules/.pnpm/next@15.2.4_@babel+core@7.2_9ae94504e71afbbf12417084439d6b89/node_modules/next/dist/client/components/react-dev-overlay/app/hot-reloader-client.js:241
[   37105ms] [LOG] [Fast Refresh] done in 830ms @ webpack-internal:///(app-pages-browser)/./node_modules/.pnpm/next@15.2.4_@babel+core@7.2_9ae94504e71afbbf12417084439d6b89/node_modules/next/dist/client/components/react-dev-overlay/app/hot-reloader-client.js:73
[   37112ms] [LOG] [Fast Refresh] rebuilding @ webpack-internal:///(app-pages-browser)/./node_modules/.pnpm/next@15.2.4_@babel+core@7.2_9ae94504e71afbbf12417084439d6b89/node_modules/next/dist/client/components/react-dev-overlay/app/hot-reloader-client.js:241
[   37921ms] [LOG] [Fast Refresh] done in 809ms @ webpack-internal:///(app-pages-browser)/./node_modules/.pnpm/next@15.2.4_@babel+core@7.2_9ae94504e71afbbf12417084439d6b89/node_modules/next/dist/client/components/react-dev-overlay/app/hot-reloader-client.js:73
[   37929ms] [LOG] [Fast Refresh] rebuilding @ webpack-internal:///(app-pages-browser)/./node_modules/.pnpm/next@15.2.4_@babel+core@7.2_9ae94504e71afbbf12417084439d6b89/node_modules/next/dist/client/components/react-dev-overlay/app/hot-reloader-client.js:241
[   38764ms] [LOG] [Fast Refresh] done in 836ms @ webpack-internal:///(app-pages-browser)/./node_modules/.pnpm/next@15.2.4_@babel+core@7.2_9ae94504e71afbbf12417084439d6b89/node_modules/next/dist/client/components/react-dev-overlay/app/hot-reloader-client.js:73
[   38771ms] [LOG] [Fast Refresh] rebuilding @ webpack-internal:///(app-pages-browser)/./node_modules/.pnpm/next@15.2.4_@babel+core@7.2_9ae94504e71afbbf12417084439d6b89/node_modules/next/dist/client/components/react-dev-overlay/app/hot-reloader-client.js:241
[   39608ms] [LOG] [Fast Refresh] done in 838ms @ webpack-internal:///(app-pages-browser)/./node_modules/.pnpm/next@15.2.4_@babel+core@7.2_9ae94504e71afbbf12417084439d6b89/node_modules/next/dist/client/components/react-dev-overlay/app/hot-reloader-client.js:73
[   39615ms] [LOG] [Fast Refresh] rebuilding @ webpack-internal:///(app-pages-browser)/./node_modules/.pnpm/next@15.2.4_@babel+core@7.2_9ae94504e71afbbf12417084439d6b89/node_modules/next/dist/client/components/react-dev-overlay/app/hot-reloader-client.js:241
[   40409ms] [LOG] [Fast Refresh] done in 794ms @ webpack-internal:///(app-pages-browser)/./node_modules/.pnpm/next@15.2.4_@babel+core@7.2_9ae94504e71afbbf12417084439d6b89/node_modules/next/dist/client/components/react-dev-overlay/app/hot-reloader-client.js:73
[   40417ms] [LOG] [Fast Refresh] rebuilding @ webpack-internal:///(app-pages-browser)/./node_modules/.pnpm/next@15.2.4_@babel+core@7.2_9ae94504e71afbbf12417084439d6b89/node_modules/next/dist/client/components/react-dev-overlay/app/hot-reloader-client.js:241
[   41259ms] [LOG] [Fast Refresh] done in 842ms @ webpack-internal:///(app-pages-browser)/./node_modules/.pnpm/next@15.2.4_@babel+core@7.2_9ae94504e71afbbf12417084439d6b89/node_modules/next/dist/client/components/react-dev-overlay/app/hot-reloader-client.js:73
[   41268ms] [LOG] [Fast Refresh] rebuilding @ webpack-internal:///(app-pages-browser)/./node_modules/.pnpm/next@15.2.4_@babel+core@7.2_9ae94504e71afbbf12417084439d6b89/node_modules/next/dist/client/components/react-dev-overlay/app/hot-reloader-client.js:241
[   42255ms] [LOG] [Fast Refresh] done in 987ms @ webpack-internal:///(app-pages-browser)/./node_modules/.pnpm/next@15.2.4_@babel+core@7.2_9ae94504e71afbbf12417084439d6b89/node_modules/next/dist/client/components/react-dev-overlay/app/hot-reloader-client.js:73
[   42264ms] [LOG] [Fast Refresh] rebuilding @ webpack-internal:///(app-pages-browser)/./node_modules/.pnpm/next@15.2.4_@babel+core@7.2_9ae94504e71afbbf12417084439d6b89/node_modules/next/dist/client/components/react-dev-overlay/app/hot-reloader-client.js:241
[   43132ms] [LOG] [Fast Refresh] done in 867ms @ webpack-internal:///(app-pages-browser)/./node_modules/.pnpm/next@15.2.4_@babel+core@7.2_9ae94504e71afbbf12417084439d6b89/node_modules/next/dist/client/components/react-dev-overlay/app/hot-reloader-client.js:73
[   43140ms] [LOG] [Fast Refresh] rebuilding @ webpack-internal:///(app-pages-browser)/./node_modules/.pnpm/next@15.2.4_@babel+core@7.2_9ae94504e71afbbf12417084439d6b89/node_modules/next/dist/client/components/react-dev-overlay/app/hot-reloader-client.js:241
[   43969ms] [LOG] [Fast Refresh] done in 828ms @ webpack-internal:///(app-pages-browser)/./node_modules/.pnpm/next@15.2.4_@babel+core@7.2_9ae94504e71afbbf12417084439d6b89/node_modules/next/dist/client/components/react-dev-overlay/app/hot-reloader-client.js:73
[   43976ms] [LOG] [Fast Refresh] rebuilding @ webpack-internal:///(app-pages-browser)/./node_modules/.pnpm/next@15.2.4_@babel+core@7.2_9ae94504e71afbbf12417084439d6b89/node_modules/next/dist/client/components/react-dev-overlay/app/hot-reloader-client.js:241
[   44808ms] [LOG] [Fast Refresh] done in 833ms @ webpack-internal:///(app-pages-browser)/./node_modules/.pnpm/next@15.2.4_@babel+core@7.2_9ae94504e71afbbf12417084439d6b89/node_modules/next/dist/client/components/react-dev-overlay/app/hot-reloader-client.js:73
[   44815ms] [LOG] [Fast Refresh] rebuilding @ webpack-internal:///(app-pages-browser)/./node_modules/.pnpm/next@15.2.4_@babel+core@7.2_9ae94504e71afbbf12417084439d6b89/node_modules/next/dist/client/components/react-dev-overlay/app/hot-reloader-client.js:241
[   45652ms] [LOG] [Fast Refresh] done in 837ms @ webpack-internal:///(app-pages-browser)/./node_modules/.pnpm/next@15.2.4_@babel+core@7.2_9ae94504e71afbbf12417084439d6b89/node_modules/next/dist/client/components/react-dev-overlay/app/hot-reloader-client.js:73
[   45658ms] [LOG] [Fast Refresh] rebuilding @ webpack-internal:///(app-pages-browser)/./node_modules/.pnpm/next@15.2.4_@babel+core@7.2_9ae94504e71afbbf12417084439d6b89/node_modules/next/dist/client/components/react-dev-overlay/app/hot-reloader-client.js:241
[   46496ms] [LOG] [Fast Refresh] done in 839ms @ webpack-internal:///(app-pages-browser)/./node_modules/.pnpm/next@15.2.4_@babel+core@7.2_9ae94504e71afbbf12417084439d6b89/node_modules/next/dist/client/components/react-dev-overlay/app/hot-reloader-client.js:73
[   46503ms] [LOG] [Fast Refresh] rebuilding @ webpack-internal:///(app-pages-browser)/./node_modules/.pnpm/next@15.2.4_@babel+core@7.2_9ae94504e71afbbf12417084439d6b89/node_modules/next/dist/client/components/react-dev-overlay/app/hot-reloader-client.js:241
[   47322ms] [LOG] [Fast Refresh] done in 819ms @ webpack-internal:///(app-pages-browser)/./node_modules/.pnpm/next@15.2.4_@babel+core@7.2_9ae94504e71afbbf12417084439d6b89/node_modules/next/dist/client/components/react-dev-overlay/app/hot-reloader-client.js:73
[   47330ms] [LOG] [Fast Refresh] rebuilding @ webpack-internal:///(app-pages-browser)/./node_modules/.pnpm/next@15.2.4_@babel+core@7.2_9ae94504e71afbbf12417084439d6b89/node_modules/next/dist/client/components/react-dev-overlay/app/hot-reloader-client.js:241
[   48188ms] [LOG] [Fast Refresh] done in 858ms @ webpack-internal:///(app-pages-browser)/./node_modules/.pnpm/next@15.2.4_@babel+core@7.2_9ae94504e71afbbf12417084439d6b89/node_modules/next/dist/client/components/react-dev-overlay/app/hot-reloader-client.js:73
[   48196ms] [LOG] [Fast Refresh] rebuilding @ webpack-internal:///(app-pages-browser)/./node_modules/.pnpm/next@15.2.4_@babel+core@7.2_9ae94504e71afbbf12417084439d6b89/node_modules/next/dist/client/components/react-dev-overlay/app/hot-reloader-client.js:241
[   49178ms] [LOG] [Fast Refresh] done in 982ms @ webpack-internal:///(app-pages-browser)/./node_modules/.pnpm/next@15.2.4_@babel+core@7.2_9ae94504e71afbbf12417084439d6b89/node_modules/next/dist/client/components/react-dev-overlay/app/hot-reloader-client.js:73
[   49187ms] [LOG] [Fast Refresh] rebuilding @ webpack-internal:///(app-pages-browser)/./node_modules/.pnpm/next@15.2.4_@babel+core@7.2_9ae94504e71afbbf12417084439d6b89/node_modules/next/dist/client/components/react-dev-overlay/app/hot-reloader-client.js:241
[   50118ms] [LOG] [Fast Refresh] done in 931ms @ webpack-internal:///(app-pages-browser)/./node_modules/.pnpm/next@15.2.4_@babel+core@7.2_9ae94504e71afbbf12417084439d6b89/node_modules/next/dist/client/components/react-dev-overlay/app/hot-reloader-client.js:73
[   50126ms] [LOG] [Fast Refresh] rebuilding @ webpack-internal:///(app-pages-browser)/./node_modules/.pnpm/next@15.2.4_@babel+core@7.2_9ae94504e71afbbf12417084439d6b89/node_modules/next/dist/client/components/react-dev-overlay/app/hot-reloader-client.js:241
[   50965ms] [LOG] [Fast Refresh] done in 839ms @ webpack-internal:///(app-pages-browser)/./node_modules/.pnpm/next@15.2.4_@babel+core@7.2_9ae94504e71afbbf12417084439d6b89/node_modules/next/dist/client/components/react-dev-overlay/app/hot-reloader-client.js:73
[   50972ms] [LOG] [Fast Refresh] rebuilding @ webpack-internal:///(app-pages-browser)/./node_modules/.pnpm/next@15.2.4_@babel+core@7.2_9ae94504e71afbbf12417084439d6b89/node_modules/next/dist/client/components/react-dev-overlay/app/hot-reloader-client.js:241
[   51794ms] [LOG] [Fast Refresh] done in 823ms @ webpack-internal:///(app-pages-browser)/./node_modules/.pnpm/next@15.2.4_@babel+core@7.2_9ae94504e71afbbf12417084439d6b89/node_modules/next/dist/client/components/react-dev-overlay/app/hot-reloader-client.js:73
[   51802ms] [LOG] [Fast Refresh] rebuilding @ webpack-internal:///(app-pages-browser)/./node_modules/.pnpm/next@15.2.4_@babel+core@7.2_9ae94504e71afbbf12417084439d6b89/node_modules/next/dist/client/components/react-dev-overlay/app/hot-reloader-client.js:241
[   52670ms] [LOG] [Fast Refresh] done in 868ms @ webpack-internal:///(app-pages-browser)/./node_modules/.pnpm/next@15.2.4_@babel+core@7.2_9ae94504e71afbbf12417084439d6b89/node_modules/next/dist/client/components/react-dev-overlay/app/hot-reloader-client.js:73
[   52677ms] [LOG] [Fast Refresh] rebuilding @ webpack-internal:///(app-pages-browser)/./node_modules/.pnpm/next@15.2.4_@babel+core@7.2_9ae94504e71afbbf12417084439d6b89/node_modules/next/dist/client/components/react-dev-overlay/app/hot-reloader-client.js:241
[   53543ms] [LOG] [Fast Refresh] done in 865ms @ webpack-internal:///(app-pages-browser)/./node_modules/.pnpm/next@15.2.4_@babel+core@7.2_9ae94504e71afbbf12417084439d6b89/node_modules/next/dist/client/components/react-dev-overlay/app/hot-reloader-client.js:73
[   53553ms] [LOG] [Fast Refresh] rebuilding @ webpack-internal:///(app-pages-browser)/./node_modules/.pnpm/next@15.2.4_@babel+core@7.2_9ae94504e71afbbf12417084439d6b89/node_modules/next/dist/client/components/react-dev-overlay/app/hot-reloader-client.js:241
[   54420ms] [LOG] [Fast Refresh] done in 867ms @ webpack-internal:///(app-pages-browser)/./node_modules/.pnpm/next@15.2.4_@babel+core@7.2_9ae94504e71afbbf12417084439d6b89/node_modules/next/dist/client/components/react-dev-overlay/app/hot-reloader-client.js:73
[   54429ms] [LOG] [Fast Refresh] rebuilding @ webpack-internal:///(app-pages-browser)/./node_modules/.pnpm/next@15.2.4_@babel+core@7.2_9ae94504e71afbbf12417084439d6b89/node_modules/next/dist/client/components/react-dev-overlay/app/hot-reloader-client.js:241
[   55305ms] [LOG] [Fast Refresh] done in 876ms @ webpack-internal:///(app-pages-browser)/./node_modules/.pnpm/next@15.2.4_@babel+core@7.2_9ae94504e71afbbf12417084439d6b89/node_modules/next/dist/client/components/react-dev-overlay/app/hot-reloader-client.js:73
[   55312ms] [LOG] [Fast Refresh] rebuilding @ webpack-internal:///(app-pages-browser)/./node_modules/.pnpm/next@15.2.4_@babel+core@7.2_9ae94504e71afbbf12417084439d6b89/node_modules/next/dist/client/components/react-dev-overlay/app/hot-reloader-client.js:241
[   56279ms] [LOG] [Fast Refresh] done in 966ms @ webpack-internal:///(app-pages-browser)/./node_modules/.pnpm/next@15.2.4_@babel+core@7.2_9ae94504e71afbbf12417084439d6b89/node_modules/next/dist/client/components/react-dev-overlay/app/hot-reloader-client.js:73
[   56287ms] [LOG] [Fast Refresh] rebuilding @ webpack-internal:///(app-pages-browser)/./node_modules/.pnpm/next@15.2.4_@babel+core@7.2_9ae94504e71afbbf12417084439d6b89/node_modules/next/dist/client/components/react-dev-overlay/app/hot-reloader-client.js:241
[   57149ms] [LOG] [Fast Refresh] done in 861ms @ webpack-internal:///(app-pages-browser)/./node_modules/.pnpm/next@15.2.4_@babel+core@7.2_9ae94504e71afbbf12417084439d6b89/node_modules/next/dist/client/components/react-dev-overlay/app/hot-reloader-client.js:73
[   57155ms] [LOG] [Fast Refresh] rebuilding @ webpack-internal:///(app-pages-browser)/./node_modules/.pnpm/next@15.2.4_@babel+core@7.2_9ae94504e71afbbf12417084439d6b89/node_modules/next/dist/client/components/react-dev-overlay/app/hot-reloader-client.js:241
[   57973ms] [LOG] [Fast Refresh] done in 817ms @ webpack-internal:///(app-pages-browser)/./node_modules/.pnpm/next@15.2.4_@babel+core@7.2_9ae94504e71afbbf12417084439d6b89/node_modules/next/dist/client/components/react-dev-overlay/app/hot-reloader-client.js:73
[   57981ms] [LOG] [Fast Refresh] rebuilding @ webpack-internal:///(app-pages-browser)/./node_modules/.pnpm/next@15.2.4_@babel+core@7.2_9ae94504e71afbbf12417084439d6b89/node_modules/next/dist/client/components/react-dev-overlay/app/hot-reloader-client.js:241
[   58805ms] [LOG] [Fast Refresh] done in 824ms @ webpack-internal:///(app-pages-browser)/./node_modules/.pnpm/next@15.2.4_@babel+core@7.2_9ae94504e71afbbf12417084439d6b89/node_modules/next/dist/client/components/react-dev-overlay/app/hot-reloader-client.js:73
[   58811ms] [LOG] [Fast Refresh] rebuilding @ webpack-internal:///(app-pages-browser)/./node_modules/.pnpm/next@15.2.4_@babel+core@7.2_9ae94504e71afbbf12417084439d6b89/node_modules/next/dist/client/components/react-dev-overlay/app/hot-reloader-client.js:241
[   59662ms] [LOG] [Fast Refresh] done in 850ms @ webpack-internal:///(app-pages-browser)/./node_modules/.pnpm/next@15.2.4_@babel+core@7.2_9ae94504e71afbbf12417084439d6b89/node_modules/next/dist/client/components/react-dev-overlay/app/hot-reloader-client.js:73
[   59677ms] [LOG] [Fast Refresh] rebuilding @ webpack-internal:///(app-pages-browser)/./node_modules/.pnpm/next@15.2.4_@babel+core@7.2_9ae94504e71afbbf12417084439d6b89/node_modules/next/dist/client/components/react-dev-overlay/app/hot-reloader-client.js:241
[   60630ms] [LOG] [Fast Refresh] done in 953ms @ webpack-internal:///(app-pages-browser)/./node_modules/.pnpm/next@15.2.4_@babel+core@7.2_9ae94504e71afbbf12417084439d6b89/node_modules/next/dist/client/components/react-dev-overlay/app/hot-reloader-client.js:73
[   60637ms] [LOG] [Fast Refresh] rebuilding @ webpack-internal:///(app-pages-browser)/./node_modules/.pnpm/next@15.2.4_@babel+core@7.2_9ae94504e71afbbf12417084439d6b89/node_modules/next/dist/client/components/react-dev-overlay/app/hot-reloader-client.js:241
[   61548ms] [LOG] [Fast Refresh] done in 910ms @ webpack-internal:///(app-pages-browser)/./node_modules/.pnpm/next@15.2.4_@babel+core@7.2_9ae94504e71afbbf12417084439d6b89/node_modules/next/dist/client/components/react-dev-overlay/app/hot-reloader-client.js:73
[   61555ms] [LOG] [Fast Refresh] rebuilding @ webpack-internal:///(app-pages-browser)/./node_modules/.pnpm/next@15.2.4_@babel+core@7.2_9ae94504e71afbbf12417084439d6b89/node_modules/next/dist/client/components/react-dev-overlay/app/hot-reloader-client.js:241
[   62422ms] [LOG] [Fast Refresh] done in 867ms @ webpack-internal:///(app-pages-browser)/./node_modules/.pnpm/next@15.2.4_@babel+core@7.2_9ae94504e71afbbf12417084439d6b89/node_modules/next/dist/client/components/react-dev-overlay/app/hot-reloader-client.js:73
[   62432ms] [LOG] [Fast Refresh] rebuilding @ webpack-internal:///(app-pages-browser)/./node_modules/.pnpm/next@15.2.4_@babel+core@7.2_9ae94504e71afbbf12417084439d6b89/node_modules/next/dist/client/components/react-dev-overlay/app/hot-reloader-client.js:241
[   63423ms] [LOG] [Fast Refresh] done in 991ms @ webpack-internal:///(app-pages-browser)/./node_modules/.pnpm/next@15.2.4_@babel+core@7.2_9ae94504e71afbbf12417084439d6b89/node_modules/next/dist/client/components/react-dev-overlay/app/hot-reloader-client.js:73
[   63434ms] [LOG] [Fast Refresh] rebuilding @ webpack-internal:///(app-pages-browser)/./node_modules/.pnpm/next@15.2.4_@babel+core@7.2_9ae94504e71afbbf12417084439d6b89/node_modules/next/dist/client/components/react-dev-overlay/app/hot-reloader-client.js:241
[   64301ms] [LOG] [Fast Refresh] done in 868ms @ webpack-internal:///(app-pages-browser)/./node_modules/.pnpm/next@15.2.4_@babel+core@7.2_9ae94504e71afbbf12417084439d6b89/node_modules/next/dist/client/components/react-dev-overlay/app/hot-reloader-client.js:73
[   64309ms] [LOG] [Fast Refresh] rebuilding @ webpack-internal:///(app-pages-browser)/./node_modules/.pnpm/next@15.2.4_@babel+core@7.2_9ae94504e71afbbf12417084439d6b89/node_modules/next/dist/client/components/react-dev-overlay/app/hot-reloader-client.js:241
[   65139ms] [LOG] [Fast Refresh] done in 831ms @ webpack-internal:///(app-pages-browser)/./node_modules/.pnpm/next@15.2.4_@babel+core@7.2_9ae94504e71afbbf12417084439d6b89/node_modules/next/dist/client/components/react-dev-overlay/app/hot-reloader-client.js:73
[   65146ms] [LOG] [Fast Refresh] rebuilding @ webpack-internal:///(app-pages-browser)/./node_modules/.pnpm/next@15.2.4_@babel+core@7.2_9ae94504e71afbbf12417084439d6b89/node_modules/next/dist/client/components/react-dev-overlay/app/hot-reloader-client.js:241
[   65965ms] [LOG] [Fast Refresh] done in 819ms @ webpack-internal:///(app-pages-browser)/./node_modules/.pnpm/next@15.2.4_@babel+core@7.2_9ae94504e71afbbf12417084439d6b89/node_modules/next/dist/client/components/react-dev-overlay/app/hot-reloader-client.js:73
[   65971ms] [LOG] [Fast Refresh] rebuilding @ webpack-internal:///(app-pages-browser)/./node_modules/.pnpm/next@15.2.4_@babel+core@7.2_9ae94504e71afbbf12417084439d6b89/node_modules/next/dist/client/components/react-dev-overlay/app/hot-reloader-client.js:241
[   66828ms] [LOG] [Fast Refresh] done in 856ms @ webpack-internal:///(app-pages-browser)/./node_modules/.pnpm/next@15.2.4_@babel+core@7.2_9ae94504e71afbbf12417084439d6b89/node_modules/next/dist/client/components/react-dev-overlay/app/hot-reloader-client.js:73
[   66834ms] [LOG] [Fast Refresh] rebuilding @ webpack-internal:///(app-pages-browser)/./node_modules/.pnpm/next@15.2.4_@babel+core@7.2_9ae94504e71afbbf12417084439d6b89/node_modules/next/dist/client/components/react-dev-overlay/app/hot-reloader-client.js:241
[   67677ms] [LOG] [Fast Refresh] done in 842ms @ webpack-internal:///(app-pages-browser)/./node_modules/.pnpm/next@15.2.4_@babel+core@7.2_9ae94504e71afbbf12417084439d6b89/node_modules/next/dist/client/components/react-dev-overlay/app/hot-reloader-client.js:73
[   67683ms] [LOG] [Fast Refresh] rebuilding @ webpack-internal:///(app-pages-browser)/./node_modules/.pnpm/next@15.2.4_@babel+core@7.2_9ae94504e71afbbf12417084439d6b89/node_modules/next/dist/client/components/react-dev-overlay/app/hot-reloader-client.js:241
[   68518ms] [LOG] [Fast Refresh] done in 835ms @ webpack-internal:///(app-pages-browser)/./node_modules/.pnpm/next@15.2.4_@babel+core@7.2_9ae94504e71afbbf12417084439d6b89/node_modules/next/dist/client/components/react-dev-overlay/app/hot-reloader-client.js:73
[   68527ms] [LOG] [Fast Refresh] rebuilding @ webpack-internal:///(app-pages-browser)/./node_modules/.pnpm/next@15.2.4_@babel+core@7.2_9ae94504e71afbbf12417084439d6b89/node_modules/next/dist/client/components/react-dev-overlay/app/hot-reloader-client.js:241
[   69362ms] [LOG] [Fast Refresh] done in 835ms @ webpack-internal:///(app-pages-browser)/./node_modules/.pnpm/next@15.2.4_@babel+core@7.2_9ae94504e71afbbf12417084439d6b89/node_modules/next/dist/client/components/react-dev-overlay/app/hot-reloader-client.js:73
[   69369ms] [LOG] [Fast Refresh] rebuilding @ webpack-internal:///(app-pages-browser)/./node_modules/.pnpm/next@15.2.4_@babel+core@7.2_9ae94504e71afbbf12417084439d6b89/node_modules/next/dist/client/components/react-dev-overlay/app/hot-reloader-client.js:241
[   70198ms] [LOG] [Fast Refresh] done in 829ms @ webpack-internal:///(app-pages-browser)/./node_modules/.pnpm/next@15.2.4_@babel+core@7.2_9ae94504e71afbbf12417084439d6b89/node_modules/next/dist/client/components/react-dev-overlay/app/hot-reloader-client.js:73
[   70205ms] [LOG] [Fast Refresh] rebuilding @ webpack-internal:///(app-pages-browser)/./node_modules/.pnpm/next@15.2.4_@babel+core@7.2_9ae94504e71afbbf12417084439d6b89/node_modules/next/dist/client/components/react-dev-overlay/app/hot-reloader-client.js:241
[   71044ms] [LOG] [Fast Refresh] done in 838ms @ webpack-internal:///(app-pages-browser)/./node_modules/.pnpm/next@15.2.4_@babel+core@7.2_9ae94504e71afbbf12417084439d6b89/node_modules/next/dist/client/components/react-dev-overlay/app/hot-reloader-client.js:73
[   71051ms] [LOG] [Fast Refresh] rebuilding @ webpack-internal:///(app-pages-browser)/./node_modules/.pnpm/next@15.2.4_@babel+core@7.2_9ae94504e71afbbf12417084439d6b89/node_modules/next/dist/client/components/react-dev-overlay/app/hot-reloader-client.js:241
[   71902ms] [LOG] [Fast Refresh] done in 850ms @ webpack-internal:///(app-pages-browser)/./node_modules/.pnpm/next@15.2.4_@babel+core@7.2_9ae94504e71afbbf12417084439d6b89/node_modules/next/dist/client/components/react-dev-overlay/app/hot-reloader-client.js:73
[   71908ms] [LOG] [Fast Refresh] rebuilding @ webpack-internal:///(app-pages-browser)/./node_modules/.pnpm/next@15.2.4_@babel+core@7.2_9ae94504e71afbbf12417084439d6b89/node_modules/next/dist/client/components/react-dev-overlay/app/hot-reloader-client.js:241
[   72762ms] [LOG] [Fast Refresh] done in 854ms @ webpack-internal:///(app-pages-browser)/./node_modules/.pnpm/next@15.2.4_@babel+core@7.2_9ae94504e71afbbf12417084439d6b89/node_modules/next/dist/client/components/react-dev-overlay/app/hot-reloader-client.js:73
[   72769ms] [LOG] [Fast Refresh] rebuilding @ webpack-internal:///(app-pages-browser)/./node_modules/.pnpm/next@15.2.4_@babel+core@7.2_9ae94504e71afbbf12417084439d6b89/node_modules/next/dist/client/components/react-dev-overlay/app/hot-reloader-client.js:241
[   73605ms] [LOG] [Fast Refresh] done in 835ms @ webpack-internal:///(app-pages-browser)/./node_modules/.pnpm/next@15.2.4_@babel+core@7.2_9ae94504e71afbbf12417084439d6b89/node_modules/next/dist/client/components/react-dev-overlay/app/hot-reloader-client.js:73
[   73612ms] [LOG] [Fast Refresh] rebuilding @ webpack-internal:///(app-pages-browser)/./node_modules/.pnpm/next@15.2.4_@babel+core@7.2_9ae94504e71afbbf12417084439d6b89/node_modules/next/dist/client/components/react-dev-overlay/app/hot-reloader-client.js:241
[   74445ms] [LOG] [Fast Refresh] done in 834ms @ webpack-internal:///(app-pages-browser)/./node_modules/.pnpm/next@15.2.4_@babel+core@7.2_9ae94504e71afbbf12417084439d6b89/node_modules/next/dist/client/components/react-dev-overlay/app/hot-reloader-client.js:73
[   74451ms] [LOG] [Fast Refresh] rebuilding @ webpack-internal:///(app-pages-browser)/./node_modules/.pnpm/next@15.2.4_@babel+core@7.2_9ae94504e71afbbf12417084439d6b89/node_modules/next/dist/client/components/react-dev-overlay/app/hot-reloader-client.js:241
[   75279ms] [LOG] [Fast Refresh] done in 828ms @ webpack-internal:///(app-pages-browser)/./node_modules/.pnpm/next@15.2.4_@babel+core@7.2_9ae94504e71afbbf12417084439d6b89/node_modules/next/dist/client/components/react-dev-overlay/app/hot-reloader-client.js:73
[   75288ms] [LOG] [Fast Refresh] rebuilding @ webpack-internal:///(app-pages-browser)/./node_modules/.pnpm/next@15.2.4_@babel+core@7.2_9ae94504e71afbbf12417084439d6b89/node_modules/next/dist/client/components/react-dev-overlay/app/hot-reloader-client.js:241
[   76129ms] [LOG] [Fast Refresh] done in 841ms @ webpack-internal:///(app-pages-browser)/./node_modules/.pnpm/next@15.2.4_@babel+core@7.2_9ae94504e71afbbf12417084439d6b89/node_modules/next/dist/client/components/react-dev-overlay/app/hot-reloader-client.js:73
[   76137ms] [LOG] [Fast Refresh] rebuilding @ webpack-internal:///(app-pages-browser)/./node_modules/.pnpm/next@15.2.4_@babel+core@7.2_9ae94504e71afbbf12417084439d6b89/node_modules/next/dist/client/components/react-dev-overlay/app/hot-reloader-client.js:241
[   76976ms] [LOG] [Fast Refresh] done in 840ms @ webpack-internal:///(app-pages-browser)/./node_modules/.pnpm/next@15.2.4_@babel+core@7.2_9ae94504e71afbbf12417084439d6b89/node_modules/next/dist/client/components/react-dev-overlay/app/hot-reloader-client.js:73
[   76982ms] [LOG] [Fast Refresh] rebuilding @ webpack-internal:///(app-pages-browser)/./node_modules/.pnpm/next@15.2.4_@babel+core@7.2_9ae94504e71afbbf12417084439d6b89/node_modules/next/dist/client/components/react-dev-overlay/app/hot-reloader-client.js:241
[   77862ms] [LOG] [Fast Refresh] done in 879ms @ webpack-internal:///(app-pages-browser)/./node_modules/.pnpm/next@15.2.4_@babel+core@7.2_9ae94504e71afbbf12417084439d6b89/node_modules/next/dist/client/components/react-dev-overlay/app/hot-reloader-client.js:73
[   77871ms] [LOG] [Fast Refresh] rebuilding @ webpack-internal:///(app-pages-browser)/./node_modules/.pnpm/next@15.2.4_@babel+core@7.2_9ae94504e71afbbf12417084439d6b89/node_modules/next/dist/client/components/react-dev-overlay/app/hot-reloader-client.js:241
[   78739ms] [LOG] [Fast Refresh] done in 869ms @ webpack-internal:///(app-pages-browser)/./node_modules/.pnpm/next@15.2.4_@babel+core@7.2_9ae94504e71afbbf12417084439d6b89/node_modules/next/dist/client/components/react-dev-overlay/app/hot-reloader-client.js:73
[   78746ms] [LOG] [Fast Refresh] rebuilding @ webpack-internal:///(app-pages-browser)/./node_modules/.pnpm/next@15.2.4_@babel+core@7.2_9ae94504e71afbbf12417084439d6b89/node_modules/next/dist/client/components/react-dev-overlay/app/hot-reloader-client.js:241
[   79599ms] [LOG] [Fast Refresh] done in 853ms @ webpack-internal:///(app-pages-browser)/./node_modules/.pnpm/next@15.2.4_@babel+core@7.2_9ae94504e71afbbf12417084439d6b89/node_modules/next/dist/client/components/react-dev-overlay/app/hot-reloader-client.js:73
[   79606ms] [LOG] [Fast Refresh] rebuilding @ webpack-internal:///(app-pages-browser)/./node_modules/.pnpm/next@15.2.4_@babel+core@7.2_9ae94504e71afbbf12417084439d6b89/node_modules/next/dist/client/components/react-dev-overlay/app/hot-reloader-client.js:241
[   80488ms] [LOG] [Fast Refresh] done in 882ms @ webpack-internal:///(app-pages-browser)/./node_modules/.pnpm/next@15.2.4_@babel+core@7.2_9ae94504e71afbbf12417084439d6b89/node_modules/next/dist/client/components/react-dev-overlay/app/hot-reloader-client.js:73
[   80495ms] [LOG] [Fast Refresh] rebuilding @ webpack-internal:///(app-pages-browser)/./node_modules/.pnpm/next@15.2.4_@babel+core@7.2_9ae94504e71afbbf12417084439d6b89/node_modules/next/dist/client/components/react-dev-overlay/app/hot-reloader-client.js:241
[   81470ms] [LOG] [Fast Refresh] done in 975ms @ webpack-internal:///(app-pages-browser)/./node_modules/.pnpm/next@15.2.4_@babel+core@7.2_9ae94504e71afbbf12417084439d6b89/node_modules/next/dist/client/components/react-dev-overlay/app/hot-reloader-client.js:73
[   81477ms] [LOG] [Fast Refresh] rebuilding @ webpack-internal:///(app-pages-browser)/./node_modules/.pnpm/next@15.2.4_@babel+core@7.2_9ae94504e71afbbf12417084439d6b89/node_modules/next/dist/client/components/react-dev-overlay/app/hot-reloader-client.js:241
[   82316ms] [LOG] [Fast Refresh] done in 839ms @ webpack-internal:///(app-pages-browser)/./node_modules/.pnpm/next@15.2.4_@babel+core@7.2_9ae94504e71afbbf12417084439d6b89/node_modules/next/dist/client/components/react-dev-overlay/app/hot-reloader-client.js:73
[   82322ms] [LOG] [Fast Refresh] rebuilding @ webpack-internal:///(app-pages-browser)/./node_modules/.pnpm/next@15.2.4_@babel+core@7.2_9ae94504e71afbbf12417084439d6b89/node_modules/next/dist/client/components/react-dev-overlay/app/hot-reloader-client.js:241
[   83144ms] [LOG] [Fast Refresh] done in 822ms @ webpack-internal:///(app-pages-browser)/./node_modules/.pnpm/next@15.2.4_@babel+core@7.2_9ae94504e71afbbf12417084439d6b89/node_modules/next/dist/client/components/react-dev-overlay/app/hot-reloader-client.js:73
[   83151ms] [LOG] [Fast Refresh] rebuilding @ webpack-internal:///(app-pages-browser)/./node_modules/.pnpm/next@15.2.4_@babel+core@7.2_9ae94504e71afbbf12417084439d6b89/node_modules/next/dist/client/components/react-dev-overlay/app/hot-reloader-client.js:241
[   83978ms] [LOG] [Fast Refresh] done in 827ms @ webpack-internal:///(app-pages-browser)/./node_modules/.pnpm/next@15.2.4_@babel+core@7.2_9ae94504e71afbbf12417084439d6b89/node_modules/next/dist/client/components/react-dev-overlay/app/hot-reloader-client.js:73
[   83986ms] [LOG] [Fast Refresh] rebuilding @ webpack-internal:///(app-pages-browser)/./node_modules/.pnpm/next@15.2.4_@babel+core@7.2_9ae94504e71afbbf12417084439d6b89/node_modules/next/dist/client/components/react-dev-overlay/app/hot-reloader-client.js:241
[   84879ms] [LOG] [Fast Refresh] done in 893ms @ webpack-internal:///(app-pages-browser)/./node_modules/.pnpm/next@15.2.4_@babel+core@7.2_9ae94504e71afbbf12417084439d6b89/node_modules/next/dist/client/components/react-dev-overlay/app/hot-reloader-client.js:73
[   84886ms] [LOG] [Fast Refresh] rebuilding @ webpack-internal:///(app-pages-browser)/./node_modules/.pnpm/next@15.2.4_@babel+core@7.2_9ae94504e71afbbf12417084439d6b89/node_modules/next/dist/client/components/react-dev-overlay/app/hot-reloader-client.js:241
[   85776ms] [LOG] [Fast Refresh] done in 891ms @ webpack-internal:///(app-pages-browser)/./node_modules/.pnpm/next@15.2.4_@babel+core@7.2_9ae94504e71afbbf12417084439d6b89/node_modules/next/dist/client/components/react-dev-overlay/app/hot-reloader-client.js:73
[   85784ms] [LOG] [Fast Refresh] rebuilding @ webpack-internal:///(app-pages-browser)/./node_modules/.pnpm/next@15.2.4_@babel+core@7.2_9ae94504e71afbbf12417084439d6b89/node_modules/next/dist/client/components/react-dev-overlay/app/hot-reloader-client.js:241
[   86645ms] [LOG] [Fast Refresh] done in 862ms @ webpack-internal:///(app-pages-browser)/./node_modules/.pnpm/next@15.2.4_@babel+core@7.2_9ae94504e71afbbf12417084439d6b89/node_modules/next/dist/client/components/react-dev-overlay/app/hot-reloader-client.js:73
[   86654ms] [LOG] [Fast Refresh] rebuilding @ webpack-internal:///(app-pages-browser)/./node_modules/.pnpm/next@15.2.4_@babel+core@7.2_9ae94504e71afbbf12417084439d6b89/node_modules/next/dist/client/components/react-dev-overlay/app/hot-reloader-client.js:241
[   87504ms] [LOG] [Fast Refresh] done in 850ms @ webpack-internal:///(app-pages-browser)/./node_modules/.pnpm/next@15.2.4_@babel+core@7.2_9ae94504e71afbbf12417084439d6b89/node_modules/next/dist/client/components/react-dev-overlay/app/hot-reloader-client.js:73
[   87510ms] [LOG] [Fast Refresh] rebuilding @ webpack-internal:///(app-pages-browser)/./node_modules/.pnpm/next@15.2.4_@babel+core@7.2_9ae94504e71afbbf12417084439d6b89/node_modules/next/dist/client/components/react-dev-overlay/app/hot-reloader-client.js:241
[   88345ms] [LOG] [Fast Refresh] done in 834ms @ webpack-internal:///(app-pages-browser)/./node_modules/.pnpm/next@15.2.4_@babel+core@7.2_9ae94504e71afbbf12417084439d6b89/node_modules/next/dist/client/components/react-dev-overlay/app/hot-reloader-client.js:73
[   88351ms] [LOG] [Fast Refresh] rebuilding @ webpack-internal:///(app-pages-browser)/./node_modules/.pnpm/next@15.2.4_@babel+core@7.2_9ae94504e71afbbf12417084439d6b89/node_modules/next/dist/client/components/react-dev-overlay/app/hot-reloader-client.js:241
[   89187ms] [LOG] [Fast Refresh] done in 836ms @ webpack-internal:///(app-pages-browser)/./node_modules/.pnpm/next@15.2.4_@babel+core@7.2_9ae94504e71afbbf12417084439d6b89/node_modules/next/dist/client/components/react-dev-overlay/app/hot-reloader-client.js:73
[   89194ms] [LOG] [Fast Refresh] rebuilding @ webpack-internal:///(app-pages-browser)/./node_modules/.pnpm/next@15.2.4_@babel+core@7.2_9ae94504e71afbbf12417084439d6b89/node_modules/next/dist/client/components/react-dev-overlay/app/hot-reloader-client.js:241
[   90008ms] [LOG] [Fast Refresh] done in 814ms @ webpack-internal:///(app-pages-browser)/./node_modules/.pnpm/next@15.2.4_@babel+core@7.2_9ae94504e71afbbf12417084439d6b89/node_modules/next/dist/client/components/react-dev-overlay/app/hot-reloader-client.js:73
[   90015ms] [LOG] [Fast Refresh] rebuilding @ webpack-internal:///(app-pages-browser)/./node_modules/.pnpm/next@15.2.4_@babel+core@7.2_9ae94504e71afbbf12417084439d6b89/node_modules/next/dist/client/components/react-dev-overlay/app/hot-reloader-client.js:241
[   90834ms] [LOG] [Fast Refresh] done in 820ms @ webpack-internal:///(app-pages-browser)/./node_modules/.pnpm/next@15.2.4_@babel+core@7.2_9ae94504e71afbbf12417084439d6b89/node_modules/next/dist/client/components/react-dev-overlay/app/hot-reloader-client.js:73
[   90840ms] [LOG] [Fast Refresh] rebuilding @ webpack-internal:///(app-pages-browser)/./node_modules/.pnpm/next@15.2.4_@babel+core@7.2_9ae94504e71afbbf12417084439d6b89/node_modules/next/dist/client/components/react-dev-overlay/app/hot-reloader-client.js:241
[   91677ms] [LOG] [Fast Refresh] done in 836ms @ webpack-internal:///(app-pages-browser)/./node_modules/.pnpm/next@15.2.4_@babel+core@7.2_9ae94504e71afbbf12417084439d6b89/node_modules/next/dist/client/components/react-dev-overlay/app/hot-reloader-client.js:73
[   91684ms] [LOG] [Fast Refresh] rebuilding @ webpack-internal:///(app-pages-browser)/./node_modules/.pnpm/next@15.2.4_@babel+core@7.2_9ae94504e71afbbf12417084439d6b89/node_modules/next/dist/client/components/react-dev-overlay/app/hot-reloader-client.js:241
[   92506ms] [LOG] [Fast Refresh] done in 823ms @ webpack-internal:///(app-pages-browser)/./node_modules/.pnpm/next@15.2.4_@babel+core@7.2_9ae94504e71afbbf12417084439d6b89/node_modules/next/dist/client/components/react-dev-overlay/app/hot-reloader-client.js:73
[   92513ms] [LOG] [Fast Refresh] rebuilding @ webpack-internal:///(app-pages-browser)/./node_modules/.pnpm/next@15.2.4_@babel+core@7.2_9ae94504e71afbbf12417084439d6b89/node_modules/next/dist/client/components/react-dev-overlay/app/hot-reloader-client.js:241
[   93334ms] [LOG] [Fast Refresh] done in 820ms @ webpack-internal:///(app-pages-browser)/./node_modules/.pnpm/next@15.2.4_@babel+core@7.2_9ae94504e71afbbf12417084439d6b89/node_modules/next/dist/client/components/react-dev-overlay/app/hot-reloader-client.js:73
[   93340ms] [LOG] [Fast Refresh] rebuilding @ webpack-internal:///(app-pages-browser)/./node_modules/.pnpm/next@15.2.4_@babel+core@7.2_9ae94504e71afbbf12417084439d6b89/node_modules/next/dist/client/components/react-dev-overlay/app/hot-reloader-client.js:241
[   94157ms] [LOG] [Fast Refresh] done in 816ms @ webpack-internal:///(app-pages-browser)/./node_modules/.pnpm/next@15.2.4_@babel+core@7.2_9ae94504e71afbbf12417084439d6b89/node_modules/next/dist/client/components/react-dev-overlay/app/hot-reloader-client.js:73
[   94164ms] [LOG] [Fast Refresh] rebuilding @ webpack-internal:///(app-pages-browser)/./node_modules/.pnpm/next@15.2.4_@babel+core@7.2_9ae94504e71afbbf12417084439d6b89/node_modules/next/dist/client/components/react-dev-overlay/app/hot-reloader-client.js:241
[   95050ms] [LOG] [Fast Refresh] done in 886ms @ webpack-internal:///(app-pages-browser)/./node_modules/.pnpm/next@15.2.4_@babel+core@7.2_9ae94504e71afbbf12417084439d6b89/node_modules/next/dist/client/components/react-dev-overlay/app/hot-reloader-client.js:73
[   95058ms] [LOG] [Fast Refresh] rebuilding @ webpack-internal:///(app-pages-browser)/./node_modules/.pnpm/next@15.2.4_@babel+core@7.2_9ae94504e71afbbf12417084439d6b89/node_modules/next/dist/client/components/react-dev-overlay/app/hot-reloader-client.js:241
[   95999ms] [LOG] [Fast Refresh] done in 942ms @ webpack-internal:///(app-pages-browser)/./node_modules/.pnpm/next@15.2.4_@babel+core@7.2_9ae94504e71afbbf12417084439d6b89/node_modules/next/dist/client/components/react-dev-overlay/app/hot-reloader-client.js:73
[   96007ms] [LOG] [Fast Refresh] rebuilding @ webpack-internal:///(app-pages-browser)/./node_modules/.pnpm/next@15.2.4_@babel+core@7.2_9ae94504e71afbbf12417084439d6b89/node_modules/next/dist/client/components/react-dev-overlay/app/hot-reloader-client.js:241
[   96886ms] [LOG] [Fast Refresh] done in 879ms @ webpack-internal:///(app-pages-browser)/./node_modules/.pnpm/next@15.2.4_@babel+core@7.2_9ae94504e71afbbf12417084439d6b89/node_modules/next/dist/client/components/react-dev-overlay/app/hot-reloader-client.js:73
[   96893ms] [LOG] [Fast Refresh] rebuilding @ webpack-internal:///(app-pages-browser)/./node_modules/.pnpm/next@15.2.4_@babel+core@7.2_9ae94504e71afbbf12417084439d6b89/node_modules/next/dist/client/components/react-dev-overlay/app/hot-reloader-client.js:241
[   97810ms] [LOG] [Fast Refresh] done in 916ms @ webpack-internal:///(app-pages-browser)/./node_modules/.pnpm/next@15.2.4_@babel+core@7.2_9ae94504e71afbbf12417084439d6b89/node_modules/next/dist/client/components/react-dev-overlay/app/hot-reloader-client.js:73
[   97818ms] [LOG] [Fast Refresh] rebuilding @ webpack-internal:///(app-pages-browser)/./node_modules/.pnpm/next@15.2.4_@babel+core@7.2_9ae94504e71afbbf12417084439d6b89/node_modules/next/dist/client/components/react-dev-overlay/app/hot-reloader-client.js:241
[   98935ms] [LOG] [Fast Refresh] done in 1116ms @ webpack-internal:///(app-pages-browser)/./node_modules/.pnpm/next@15.2.4_@babel+core@7.2_9ae94504e71afbbf12417084439d6b89/node_modules/next/dist/client/components/react-dev-overlay/app/hot-reloader-client.js:73
[   98948ms] [LOG] [Fast Refresh] rebuilding @ webpack-internal:///(app-pages-browser)/./node_modules/.pnpm/next@15.2.4_@babel+core@7.2_9ae94504e71afbbf12417084439d6b89/node_modules/next/dist/client/components/react-dev-overlay/app/hot-reloader-client.js:241
[   99964ms] [LOG] [Fast Refresh] done in 1016ms @ webpack-internal:///(app-pages-browser)/./node_modules/.pnpm/next@15.2.4_@babel+core@7.2_9ae94504e71afbbf12417084439d6b89/node_modules/next/dist/client/components/react-dev-overlay/app/hot-reloader-client.js:73
[   99973ms] [LOG] [Fast Refresh] rebuilding @ webpack-internal:///(app-pages-browser)/./node_modules/.pnpm/next@15.2.4_@babel+core@7.2_9ae94504e71afbbf12417084439d6b89/node_modules/next/dist/client/components/react-dev-overlay/app/hot-reloader-client.js:241
[  100923ms] [LOG] [Fast Refresh] done in 950ms @ webpack-internal:///(app-pages-browser)/./node_modules/.pnpm/next@15.2.4_@babel+core@7.2_9ae94504e71afbbf12417084439d6b89/node_modules/next/dist/client/components/react-dev-overlay/app/hot-reloader-client.js:73
[  100932ms] [LOG] [Fast Refresh] rebuilding @ webpack-internal:///(app-pages-browser)/./node_modules/.pnpm/next@15.2.4_@babel+core@7.2_9ae94504e71afbbf12417084439d6b89/node_modules/next/dist/client/components/react-dev-overlay/app/hot-reloader-client.js:241
[  101837ms] [LOG] [Fast Refresh] done in 905ms @ webpack-internal:///(app-pages-browser)/./node_modules/.pnpm/next@15.2.4_@babel+core@7.2_9ae94504e71afbbf12417084439d6b89/node_modules/next/dist/client/components/react-dev-overlay/app/hot-reloader-client.js:73
[  101844ms] [LOG] [Fast Refresh] rebuilding @ webpack-internal:///(app-pages-browser)/./node_modules/.pnpm/next@15.2.4_@babel+core@7.2_9ae94504e71afbbf12417084439d6b89/node_modules/next/dist/client/components/react-dev-overlay/app/hot-reloader-client.js:241
[  102707ms] [LOG] [Fast Refresh] done in 863ms @ webpack-internal:///(app-pages-browser)/./node_modules/.pnpm/next@15.2.4_@babel+core@7.2_9ae94504e71afbbf12417084439d6b89/node_modules/next/dist/client/components/react-dev-overlay/app/hot-reloader-client.js:73
[  102717ms] [LOG] [Fast Refresh] rebuilding @ webpack-internal:///(app-pages-browser)/./node_modules/.pnpm/next@15.2.4_@babel+core@7.2_9ae94504e71afbbf12417084439d6b89/node_modules/next/dist/client/components/react-dev-overlay/app/hot-reloader-client.js:241
[  103546ms] [LOG] [Fast Refresh] done in 829ms @ webpack-internal:///(app-pages-browser)/./node_modules/.pnpm/next@15.2.4_@babel+core@7.2_9ae94504e71afbbf12417084439d6b89/node_modules/next/dist/client/components/react-dev-overlay/app/hot-reloader-client.js:73
[  103552ms] [LOG] [Fast Refresh] rebuilding @ webpack-internal:///(app-pages-browser)/./node_modules/.pnpm/next@15.2.4_@babel+core@7.2_9ae94504e71afbbf12417084439d6b89/node_modules/next/dist/client/components/react-dev-overlay/app/hot-reloader-client.js:241
[  104422ms] [LOG] [Fast Refresh] done in 870ms @ webpack-internal:///(app-pages-browser)/./node_modules/.pnpm/next@15.2.4_@babel+core@7.2_9ae94504e71afbbf12417084439d6b89/node_modules/next/dist/client/components/react-dev-overlay/app/hot-reloader-client.js:73
[  104430ms] [LOG] [Fast Refresh] rebuilding @ webpack-internal:///(app-pages-browser)/./node_modules/.pnpm/next@15.2.4_@babel+core@7.2_9ae94504e71afbbf12417084439d6b89/node_modules/next/dist/client/components/react-dev-overlay/app/hot-reloader-client.js:241
[  105252ms] [LOG] [Fast Refresh] done in 821ms @ webpack-internal:///(app-pages-browser)/./node_modules/.pnpm/next@15.2.4_@babel+core@7.2_9ae94504e71afbbf12417084439d6b89/node_modules/next/dist/client/components/react-dev-overlay/app/hot-reloader-client.js:73
[  105258ms] [LOG] [Fast Refresh] rebuilding @ webpack-internal:///(app-pages-browser)/./node_modules/.pnpm/next@15.2.4_@babel+core@7.2_9ae94504e71afbbf12417084439d6b89/node_modules/next/dist/client/components/react-dev-overlay/app/hot-reloader-client.js:241
[  106105ms] [LOG] [Fast Refresh] done in 848ms @ webpack-internal:///(app-pages-browser)/./node_modules/.pnpm/next@15.2.4_@babel+core@7.2_9ae94504e71afbbf12417084439d6b89/node_modules/next/dist/client/components/react-dev-overlay/app/hot-reloader-client.js:73
[  106113ms] [LOG] [Fast Refresh] rebuilding @ webpack-internal:///(app-pages-browser)/./node_modules/.pnpm/next@15.2.4_@babel+core@7.2_9ae94504e71afbbf12417084439d6b89/node_modules/next/dist/client/components/react-dev-overlay/app/hot-reloader-client.js:241
[  106935ms] [LOG] [Fast Refresh] done in 822ms @ webpack-internal:///(app-pages-browser)/./node_modules/.pnpm/next@15.2.4_@babel+core@7.2_9ae94504e71afbbf12417084439d6b89/node_modules/next/dist/client/components/react-dev-overlay/app/hot-reloader-client.js:73
[  106942ms] [LOG] [Fast Refresh] rebuilding @ webpack-internal:///(app-pages-browser)/./node_modules/.pnpm/next@15.2.4_@babel+core@7.2_9ae94504e71afbbf12417084439d6b89/node_modules/next/dist/client/components/react-dev-overlay/app/hot-reloader-client.js:241
[  107764ms] [LOG] [Fast Refresh] done in 823ms @ webpack-internal:///(app-pages-browser)/./node_modules/.pnpm/next@15.2.4_@babel+core@7.2_9ae94504e71afbbf12417084439d6b89/node_modules/next/dist/client/components/react-dev-overlay/app/hot-reloader-client.js:73
[  107772ms] [LOG] [Fast Refresh] rebuilding @ webpack-internal:///(app-pages-browser)/./node_modules/.pnpm/next@15.2.4_@babel+core@7.2_9ae94504e71afbbf12417084439d6b89/node_modules/next/dist/client/components/react-dev-overlay/app/hot-reloader-client.js:241
[  108587ms] [LOG] [Fast Refresh] done in 816ms @ webpack-internal:///(app-pages-browser)/./node_modules/.pnpm/next@15.2.4_@babel+core@7.2_9ae94504e71afbbf12417084439d6b89/node_modules/next/dist/client/components/react-dev-overlay/app/hot-reloader-client.js:73
[  108595ms] [LOG] [Fast Refresh] rebuilding @ webpack-internal:///(app-pages-browser)/./node_modules/.pnpm/next@15.2.4_@babel+core@7.2_9ae94504e71afbbf12417084439d6b89/node_modules/next/dist/client/components/react-dev-overlay/app/hot-reloader-client.js:241
[  109407ms] [LOG] [Fast Refresh] done in 813ms @ webpack-internal:///(app-pages-browser)/./node_modules/.pnpm/next@15.2.4_@babel+core@7.2_9ae94504e71afbbf12417084439d6b89/node_modules/next/dist/client/components/react-dev-overlay/app/hot-reloader-client.js:73
[  109414ms] [LOG] [Fast Refresh] rebuilding @ webpack-internal:///(app-pages-browser)/./node_modules/.pnpm/next@15.2.4_@babel+core@7.2_9ae94504e71afbbf12417084439d6b89/node_modules/next/dist/client/components/react-dev-overlay/app/hot-reloader-client.js:241
[  110233ms] [LOG] [Fast Refresh] done in 819ms @ webpack-internal:///(app-pages-browser)/./node_modules/.pnpm/next@15.2.4_@babel+core@7.2_9ae94504e71afbbf12417084439d6b89/node_modules/next/dist/client/components/react-dev-overlay/app/hot-reloader-client.js:73
[  110240ms] [LOG] [Fast Refresh] rebuilding @ webpack-internal:///(app-pages-browser)/./node_modules/.pnpm/next@15.2.4_@babel+core@7.2_9ae94504e71afbbf12417084439d6b89/node_modules/next/dist/client/components/react-dev-overlay/app/hot-reloader-client.js:241
[  111069ms] [LOG] [Fast Refresh] done in 829ms @ webpack-internal:///(app-pages-browser)/./node_modules/.pnpm/next@15.2.4_@babel+core@7.2_9ae94504e71afbbf12417084439d6b89/node_modules/next/dist/client/components/react-dev-overlay/app/hot-reloader-client.js:73
[  111075ms] [LOG] [Fast Refresh] rebuilding @ webpack-internal:///(app-pages-browser)/./node_modules/.pnpm/next@15.2.4_@babel+core@7.2_9ae94504e71afbbf12417084439d6b89/node_modules/next/dist/client/components/react-dev-overlay/app/hot-reloader-client.js:241
[  111891ms] [LOG] [Fast Refresh] done in 815ms @ webpack-internal:///(app-pages-browser)/./node_modules/.pnpm/next@15.2.4_@babel+core@7.2_9ae94504e71afbbf12417084439d6b89/node_modules/next/dist/client/components/react-dev-overlay/app/hot-reloader-client.js:73
[  111898ms] [LOG] [Fast Refresh] rebuilding @ webpack-internal:///(app-pages-browser)/./node_modules/.pnpm/next@15.2.4_@babel+core@7.2_9ae94504e71afbbf12417084439d6b89/node_modules/next/dist/client/components/react-dev-overlay/app/hot-reloader-client.js:241
[  112735ms] [LOG] [Fast Refresh] done in 837ms @ webpack-internal:///(app-pages-browser)/./node_modules/.pnpm/next@15.2.4_@babel+core@7.2_9ae94504e71afbbf12417084439d6b89/node_modules/next/dist/client/components/react-dev-overlay/app/hot-reloader-client.js:73
[  112741ms] [LOG] [Fast Refresh] rebuilding @ webpack-internal:///(app-pages-browser)/./node_modules/.pnpm/next@15.2.4_@babel+core@7.2_9ae94504e71afbbf12417084439d6b89/node_modules/next/dist/client/components/react-dev-overlay/app/hot-reloader-client.js:241
[  113606ms] [LOG] [Fast Refresh] done in 864ms @ webpack-internal:///(app-pages-browser)/./node_modules/.pnpm/next@15.2.4_@babel+core@7.2_9ae94504e71afbbf12417084439d6b89/node_modules/next/dist/client/components/react-dev-overlay/app/hot-reloader-client.js:73
[  113614ms] [LOG] [Fast Refresh] rebuilding @ webpack-internal:///(app-pages-browser)/./node_modules/.pnpm/next@15.2.4_@babel+core@7.2_9ae94504e71afbbf12417084439d6b89/node_modules/next/dist/client/components/react-dev-overlay/app/hot-reloader-client.js:241
[  114466ms] [LOG] [Fast Refresh] done in 852ms @ webpack-internal:///(app-pages-browser)/./node_modules/.pnpm/next@15.2.4_@babel+core@7.2_9ae94504e71afbbf12417084439d6b89/node_modules/next/dist/client/components/react-dev-overlay/app/hot-reloader-client.js:73
[  114475ms] [LOG] [Fast Refresh] rebuilding @ webpack-internal:///(app-pages-browser)/./node_modules/.pnpm/next@15.2.4_@babel+core@7.2_9ae94504e71afbbf12417084439d6b89/node_modules/next/dist/client/components/react-dev-overlay/app/hot-reloader-client.js:241
[  115346ms] [LOG] [Fast Refresh] done in 872ms @ webpack-internal:///(app-pages-browser)/./node_modules/.pnpm/next@15.2.4_@babel+core@7.2_9ae94504e71afbbf12417084439d6b89/node_modules/next/dist/client/components/react-dev-overlay/app/hot-reloader-client.js:73
[  115353ms] [LOG] [Fast Refresh] rebuilding @ webpack-internal:///(app-pages-browser)/./node_modules/.pnpm/next@15.2.4_@babel+core@7.2_9ae94504e71afbbf12417084439d6b89/node_modules/next/dist/client/components/react-dev-overlay/app/hot-reloader-client.js:241
[  116189ms] [LOG] [Fast Refresh] done in 835ms @ webpack-internal:///(app-pages-browser)/./node_modules/.pnpm/next@15.2.4_@babel+core@7.2_9ae94504e71afbbf12417084439d6b89/node_modules/next/dist/client/components/react-dev-overlay/app/hot-reloader-client.js:73
[  116196ms] [LOG] [Fast Refresh] rebuilding @ webpack-internal:///(app-pages-browser)/./node_modules/.pnpm/next@15.2.4_@babel+core@7.2_9ae94504e71afbbf12417084439d6b89/node_modules/next/dist/client/components/react-dev-overlay/app/hot-reloader-client.js:241
[  117012ms] [LOG] [Fast Refresh] done in 817ms @ webpack-internal:///(app-pages-browser)/./node_modules/.pnpm/next@15.2.4_@babel+core@7.2_9ae94504e71afbbf12417084439d6b89/node_modules/next/dist/client/components/react-dev-overlay/app/hot-reloader-client.js:73
[  117020ms] [LOG] [Fast Refresh] rebuilding @ webpack-internal:///(app-pages-browser)/./node_modules/.pnpm/next@15.2.4_@babel+core@7.2_9ae94504e71afbbf12417084439d6b89/node_modules/next/dist/client/components/react-dev-overlay/app/hot-reloader-client.js:241
[  118065ms] [LOG] [Fast Refresh] done in 1044ms @ webpack-internal:///(app-pages-browser)/./node_modules/.pnpm/next@15.2.4_@babel+core@7.2_9ae94504e71afbbf12417084439d6b89/node_modules/next/dist/client/components/react-dev-overlay/app/hot-reloader-client.js:73
[  118072ms] [LOG] [Fast Refresh] rebuilding @ webpack-internal:///(app-pages-browser)/./node_modules/.pnpm/next@15.2.4_@babel+core@7.2_9ae94504e71afbbf12417084439d6b89/node_modules/next/dist/client/components/react-dev-overlay/app/hot-reloader-client.js:241
[  118919ms] [LOG] [Fast Refresh] done in 846ms @ webpack-internal:///(app-pages-browser)/./node_modules/.pnpm/next@15.2.4_@babel+core@7.2_9ae94504e71afbbf12417084439d6b89/node_modules/next/dist/client/components/react-dev-overlay/app/hot-reloader-client.js:73
[  118926ms] [LOG] [Fast Refresh] rebuilding @ webpack-internal:///(app-pages-browser)/./node_modules/.pnpm/next@15.2.4_@babel+core@7.2_9ae94504e71afbbf12417084439d6b89/node_modules/next/dist/client/components/react-dev-overlay/app/hot-reloader-client.js:241
[  119820ms] [LOG] [Fast Refresh] done in 895ms @ webpack-internal:///(app-pages-browser)/./node_modules/.pnpm/next@15.2.4_@babel+core@7.2_9ae94504e71afbbf12417084439d6b89/node_modules/next/dist/client/components/react-dev-overlay/app/hot-reloader-client.js:73
[  119830ms] [LOG] [Fast Refresh] rebuilding @ webpack-internal:///(app-pages-browser)/./node_modules/.pnpm/next@15.2.4_@babel+core@7.2_9ae94504e71afbbf12417084439d6b89/node_modules/next/dist/client/components/react-dev-overlay/app/hot-reloader-client.js:241
[  120665ms] [LOG] [Fast Refresh] done in 836ms @ webpack-internal:///(app-pages-browser)/./node_modules/.pnpm/next@15.2.4_@babel+core@7.2_9ae94504e71afbbf12417084439d6b89/node_modules/next/dist/client/components/react-dev-overlay/app/hot-reloader-client.js:73
[  120672ms] [LOG] [Fast Refresh] rebuilding @ webpack-internal:///(app-pages-browser)/./node_modules/.pnpm/next@15.2.4_@babel+core@7.2_9ae94504e71afbbf12417084439d6b89/node_modules/next/dist/client/components/react-dev-overlay/app/hot-reloader-client.js:241
[  121512ms] [LOG] [Fast Refresh] done in 839ms @ webpack-internal:///(app-pages-browser)/./node_modules/.pnpm/next@15.2.4_@babel+core@7.2_9ae94504e71afbbf12417084439d6b89/node_modules/next/dist/client/components/react-dev-overlay/app/hot-reloader-client.js:73
[  121519ms] [LOG] [Fast Refresh] rebuilding @ webpack-internal:///(app-pages-browser)/./node_modules/.pnpm/next@15.2.4_@babel+core@7.2_9ae94504e71afbbf12417084439d6b89/node_modules/next/dist/client/components/react-dev-overlay/app/hot-reloader-client.js:241
[  122342ms] [LOG] [Fast Refresh] done in 822ms @ webpack-internal:///(app-pages-browser)/./node_modules/.pnpm/next@15.2.4_@babel+core@7.2_9ae94504e71afbbf12417084439d6b89/node_modules/next/dist/client/components/react-dev-overlay/app/hot-reloader-client.js:73
[  122348ms] [LOG] [Fast Refresh] rebuilding @ webpack-internal:///(app-pages-browser)/./node_modules/.pnpm/next@15.2.4_@babel+core@7.2_9ae94504e71afbbf12417084439d6b89/node_modules/next/dist/client/components/react-dev-overlay/app/hot-reloader-client.js:241
[  123163ms] [LOG] [Fast Refresh] rebuilding @ webpack-internal:///(app-pages-browser)/./node_modules/.pnpm/next@15.2.4_@babel+core@7.2_9ae94504e71afbbf12417084439d6b89/node_modules/next/dist/client/components/react-dev-overlay/app/hot-reloader-client.js:241
[  123203ms] [LOG] [Fast Refresh] done in 39ms @ webpack-internal:///(app-pages-browser)/./node_modules/.pnpm/next@15.2.4_@babel+core@7.2_9ae94504e71afbbf12417084439d6b89/node_modules/next/dist/client/components/react-dev-overlay/app/hot-reloader-client.js:73
[  123988ms] [LOG] [Fast Refresh] done in 825ms @ webpack-internal:///(app-pages-browser)/./node_modules/.pnpm/next@15.2.4_@babel+core@7.2_9ae94504e71afbbf12417084439d6b89/node_modules/next/dist/client/components/react-dev-overlay/app/hot-reloader-client.js:73
[  123995ms] [LOG] [Fast Refresh] rebuilding @ webpack-internal:///(app-pages-browser)/./node_modules/.pnpm/next@15.2.4_@babel+core@7.2_9ae94504e71afbbf12417084439d6b89/node_modules/next/dist/client/components/react-dev-overlay/app/hot-reloader-client.js:241
[  124848ms] [LOG] [Fast Refresh] done in 853ms @ webpack-internal:///(app-pages-browser)/./node_modules/.pnpm/next@15.2.4_@babel+core@7.2_9ae94504e71afbbf12417084439d6b89/node_modules/next/dist/client/components/react-dev-overlay/app/hot-reloader-client.js:73
[  124854ms] [LOG] [Fast Refresh] rebuilding @ webpack-internal:///(app-pages-browser)/./node_modules/.pnpm/next@15.2.4_@babel+core@7.2_9ae94504e71afbbf12417084439d6b89/node_modules/next/dist/client/components/react-dev-overlay/app/hot-reloader-client.js:241
[  125659ms] [LOG] [Fast Refresh] done in 804ms @ webpack-internal:///(app-pages-browser)/./node_modules/.pnpm/next@15.2.4_@babel+core@7.2_9ae94504e71afbbf12417084439d6b89/node_modules/next/dist/client/components/react-dev-overlay/app/hot-reloader-client.js:73
[  125667ms] [LOG] [Fast Refresh] rebuilding @ webpack-internal:///(app-pages-browser)/./node_modules/.pnpm/next@15.2.4_@babel+core@7.2_9ae94504e71afbbf12417084439d6b89/node_modules/next/dist/client/components/react-dev-overlay/app/hot-reloader-client.js:241
[  126477ms] [LOG] [Fast Refresh] done in 810ms @ webpack-internal:///(app-pages-browser)/./node_modules/.pnpm/next@15.2.4_@babel+core@7.2_9ae94504e71afbbf12417084439d6b89/node_modules/next/dist/client/components/react-dev-overlay/app/hot-reloader-client.js:73
[  126483ms] [LOG] [Fast Refresh] rebuilding @ webpack-internal:///(app-pages-browser)/./node_modules/.pnpm/next@15.2.4_@babel+core@7.2_9ae94504e71afbbf12417084439d6b89/node_modules/next/dist/client/components/react-dev-overlay/app/hot-reloader-client.js:241
[  127287ms] [LOG] [Fast Refresh] done in 804ms @ webpack-internal:///(app-pages-browser)/./node_modules/.pnpm/next@15.2.4_@babel+core@7.2_9ae94504e71afbbf12417084439d6b89/node_modules/next/dist/client/components/react-dev-overlay/app/hot-reloader-client.js:73
[  127293ms] [LOG] [Fast Refresh] rebuilding @ webpack-internal:///(app-pages-browser)/./node_modules/.pnpm/next@15.2.4_@babel+core@7.2_9ae94504e71afbbf12417084439d6b89/node_modules/next/dist/client/components/react-dev-overlay/app/hot-reloader-client.js:241
[  128107ms] [LOG] [Fast Refresh] done in 815ms @ webpack-internal:///(app-pages-browser)/./node_modules/.pnpm/next@15.2.4_@babel+core@7.2_9ae94504e71afbbf12417084439d6b89/node_modules/next/dist/client/components/react-dev-overlay/app/hot-reloader-client.js:73
[  128113ms] [LOG] [Fast Refresh] rebuilding @ webpack-internal:///(app-pages-browser)/./node_modules/.pnpm/next@15.2.4_@babel+core@7.2_9ae94504e71afbbf12417084439d6b89/node_modules/next/dist/client/components/react-dev-overlay/app/hot-reloader-client.js:241
[  128920ms] [LOG] [Fast Refresh] done in 806ms @ webpack-internal:///(app-pages-browser)/./node_modules/.pnpm/next@15.2.4_@babel+core@7.2_9ae94504e71afbbf12417084439d6b89/node_modules/next/dist/client/components/react-dev-overlay/app/hot-reloader-client.js:73
[  128925ms] [LOG] [Fast Refresh] rebuilding @ webpack-internal:///(app-pages-browser)/./node_modules/.pnpm/next@15.2.4_@babel+core@7.2_9ae94504e71afbbf12417084439d6b89/node_modules/next/dist/client/components/react-dev-overlay/app/hot-reloader-client.js:241
[  129738ms] [LOG] [Fast Refresh] done in 812ms @ webpack-internal:///(app-pages-browser)/./node_modules/.pnpm/next@15.2.4_@babel+core@7.2_9ae94504e71afbbf12417084439d6b89/node_modules/next/dist/client/components/react-dev-overlay/app/hot-reloader-client.js:73
[  129745ms] [LOG] [Fast Refresh] rebuilding @ webpack-internal:///(app-pages-browser)/./node_modules/.pnpm/next@15.2.4_@babel+core@7.2_9ae94504e71afbbf12417084439d6b89/node_modules/next/dist/client/components/react-dev-overlay/app/hot-reloader-client.js:241
[  130586ms] [LOG] [Fast Refresh] done in 841ms @ webpack-internal:///(app-pages-browser)/./node_modules/.pnpm/next@15.2.4_@babel+core@7.2_9ae94504e71afbbf12417084439d6b89/node_modules/next/dist/client/components/react-dev-overlay/app/hot-reloader-client.js:73
[  130592ms] [LOG] [Fast Refresh] rebuilding @ webpack-internal:///(app-pages-browser)/./node_modules/.pnpm/next@15.2.4_@babel+core@7.2_9ae94504e71afbbf12417084439d6b89/node_modules/next/dist/client/components/react-dev-overlay/app/hot-reloader-client.js:241
[  131428ms] [LOG] [Fast Refresh] done in 835ms @ webpack-internal:///(app-pages-browser)/./node_modules/.pnpm/next@15.2.4_@babel+core@7.2_9ae94504e71afbbf12417084439d6b89/node_modules/next/dist/client/components/react-dev-overlay/app/hot-reloader-client.js:73
[  131434ms] [LOG] [Fast Refresh] rebuilding @ webpack-internal:///(app-pages-browser)/./node_modules/.pnpm/next@15.2.4_@babel+core@7.2_9ae94504e71afbbf12417084439d6b89/node_modules/next/dist/client/components/react-dev-overlay/app/hot-reloader-client.js:241
[  132258ms] [LOG] [Fast Refresh] done in 823ms @ webpack-internal:///(app-pages-browser)/./node_modules/.pnpm/next@15.2.4_@babel+core@7.2_9ae94504e71afbbf12417084439d6b89/node_modules/next/dist/client/components/react-dev-overlay/app/hot-reloader-client.js:73
[  132265ms] [LOG] [Fast Refresh] rebuilding @ webpack-internal:///(app-pages-browser)/./node_modules/.pnpm/next@15.2.4_@babel+core@7.2_9ae94504e71afbbf12417084439d6b89/node_modules/next/dist/client/components/react-dev-overlay/app/hot-reloader-client.js:241
[  133088ms] [LOG] [Fast Refresh] done in 823ms @ webpack-internal:///(app-pages-browser)/./node_modules/.pnpm/next@15.2.4_@babel+core@7.2_9ae94504e71afbbf12417084439d6b89/node_modules/next/dist/client/components/react-dev-overlay/app/hot-reloader-client.js:73
[  133094ms] [LOG] [Fast Refresh] rebuilding @ webpack-internal:///(app-pages-browser)/./node_modules/.pnpm/next@15.2.4_@babel+core@7.2_9ae94504e71afbbf12417084439d6b89/node_modules/next/dist/client/components/react-dev-overlay/app/hot-reloader-client.js:241
[  133908ms] [LOG] [Fast Refresh] done in 815ms @ webpack-internal:///(app-pages-browser)/./node_modules/.pnpm/next@15.2.4_@babel+core@7.2_9ae94504e71afbbf12417084439d6b89/node_modules/next/dist/client/components/react-dev-overlay/app/hot-reloader-client.js:73
[  133914ms] [LOG] [Fast Refresh] rebuilding @ webpack-internal:///(app-pages-browser)/./node_modules/.pnpm/next@15.2.4_@babel+core@7.2_9ae94504e71afbbf12417084439d6b89/node_modules/next/dist/client/components/react-dev-overlay/app/hot-reloader-client.js:241
[  134756ms] [LOG] [Fast Refresh] done in 841ms @ webpack-internal:///(app-pages-browser)/./node_modules/.pnpm/next@15.2.4_@babel+core@7.2_9ae94504e71afbbf12417084439d6b89/node_modules/next/dist/client/components/react-dev-overlay/app/hot-reloader-client.js:73
[  134763ms] [LOG] [Fast Refresh] rebuilding @ webpack-internal:///(app-pages-browser)/./node_modules/.pnpm/next@15.2.4_@babel+core@7.2_9ae94504e71afbbf12417084439d6b89/node_modules/next/dist/client/components/react-dev-overlay/app/hot-reloader-client.js:241
[  135762ms] [LOG] [Fast Refresh] done in 999ms @ webpack-internal:///(app-pages-browser)/./node_modules/.pnpm/next@15.2.4_@babel+core@7.2_9ae94504e71afbbf12417084439d6b89/node_modules/next/dist/client/components/react-dev-overlay/app/hot-reloader-client.js:73
[  135768ms] [LOG] [Fast Refresh] rebuilding @ webpack-internal:///(app-pages-browser)/./node_modules/.pnpm/next@15.2.4_@babel+core@7.2_9ae94504e71afbbf12417084439d6b89/node_modules/next/dist/client/components/react-dev-overlay/app/hot-reloader-client.js:241
[  136576ms] [LOG] [Fast Refresh] done in 807ms @ webpack-internal:///(app-pages-browser)/./node_modules/.pnpm/next@15.2.4_@babel+core@7.2_9ae94504e71afbbf12417084439d6b89/node_modules/next/dist/client/components/react-dev-overlay/app/hot-reloader-client.js:73
[  136582ms] [LOG] [Fast Refresh] rebuilding @ webpack-internal:///(app-pages-browser)/./node_modules/.pnpm/next@15.2.4_@babel+core@7.2_9ae94504e71afbbf12417084439d6b89/node_modules/next/dist/client/components/react-dev-overlay/app/hot-reloader-client.js:241
[  137415ms] [LOG] [Fast Refresh] done in 832ms @ webpack-internal:///(app-pages-browser)/./node_modules/.pnpm/next@15.2.4_@babel+core@7.2_9ae94504e71afbbf12417084439d6b89/node_modules/next/dist/client/components/react-dev-overlay/app/hot-reloader-client.js:73
[  137421ms] [LOG] [Fast Refresh] rebuilding @ webpack-internal:///(app-pages-browser)/./node_modules/.pnpm/next@15.2.4_@babel+core@7.2_9ae94504e71afbbf12417084439d6b89/node_modules/next/dist/client/components/react-dev-overlay/app/hot-reloader-client.js:241
[  138215ms] [LOG] [Fast Refresh] done in 794ms @ webpack-internal:///(app-pages-browser)/./node_modules/.pnpm/next@15.2.4_@babel+core@7.2_9ae94504e71afbbf12417084439d6b89/node_modules/next/dist/client/components/react-dev-overlay/app/hot-reloader-client.js:73
[  138221ms] [LOG] [Fast Refresh] rebuilding @ webpack-internal:///(app-pages-browser)/./node_modules/.pnpm/next@15.2.4_@babel+core@7.2_9ae94504e71afbbf12417084439d6b89/node_modules/next/dist/client/components/react-dev-overlay/app/hot-reloader-client.js:241
[  138977ms] [LOG] [Fast Refresh] done in 756ms @ webpack-internal:///(app-pages-browser)/./node_modules/.pnpm/next@15.2.4_@babel+core@7.2_9ae94504e71afbbf12417084439d6b89/node_modules/next/dist/client/components/react-dev-overlay/app/hot-reloader-client.js:73
[  138983ms] [LOG] [Fast Refresh] rebuilding @ webpack-internal:///(app-pages-browser)/./node_modules/.pnpm/next@15.2.4_@babel+core@7.2_9ae94504e71afbbf12417084439d6b89/node_modules/next/dist/client/components/react-dev-overlay/app/hot-reloader-client.js:241
[  139782ms] [LOG] [Fast Refresh] done in 800ms @ webpack-internal:///(app-pages-browser)/./node_modules/.pnpm/next@15.2.4_@babel+core@7.2_9ae94504e71afbbf12417084439d6b89/node_modules/next/dist/client/components/react-dev-overlay/app/hot-reloader-client.js:73
[  139788ms] [LOG] [Fast Refresh] rebuilding @ webpack-internal:///(app-pages-browser)/./node_modules/.pnpm/next@15.2.4_@babel+core@7.2_9ae94504e71afbbf12417084439d6b89/node_modules/next/dist/client/components/react-dev-overlay/app/hot-reloader-client.js:241
[  140576ms] [LOG] [Fast Refresh] done in 789ms @ webpack-internal:///(app-pages-browser)/./node_modules/.pnpm/next@15.2.4_@babel+core@7.2_9ae94504e71afbbf12417084439d6b89/node_modules/next/dist/client/components/react-dev-overlay/app/hot-reloader-client.js:73
[  140582ms] [LOG] [Fast Refresh] rebuilding @ webpack-internal:///(app-pages-browser)/./node_modules/.pnpm/next@15.2.4_@babel+core@7.2_9ae94504e71afbbf12417084439d6b89/node_modules/next/dist/client/components/react-dev-overlay/app/hot-reloader-client.js:241
[  141358ms] [LOG] [Fast Refresh] done in 777ms @ webpack-internal:///(app-pages-browser)/./node_modules/.pnpm/next@15.2.4_@babel+core@7.2_9ae94504e71afbbf12417084439d6b89/node_modules/next/dist/client/components/react-dev-overlay/app/hot-reloader-client.js:73
[  141364ms] [LOG] [Fast Refresh] rebuilding @ webpack-internal:///(app-pages-browser)/./node_modules/.pnpm/next@15.2.4_@babel+core@7.2_9ae94504e71afbbf12417084439d6b89/node_modules/next/dist/client/components/react-dev-overlay/app/hot-reloader-client.js:241
[  142177ms] [LOG] [Fast Refresh] done in 812ms @ webpack-internal:///(app-pages-browser)/./node_modules/.pnpm/next@15.2.4_@babel+core@7.2_9ae94504e71afbbf12417084439d6b89/node_modules/next/dist/client/components/react-dev-overlay/app/hot-reloader-client.js:73
[  142184ms] [LOG] [Fast Refresh] rebuilding @ webpack-internal:///(app-pages-browser)/./node_modules/.pnpm/next@15.2.4_@babel+core@7.2_9ae94504e71afbbf12417084439d6b89/node_modules/next/dist/client/components/react-dev-overlay/app/hot-reloader-client.js:241
[  142974ms] [LOG] [Fast Refresh] done in 789ms @ webpack-internal:///(app-pages-browser)/./node_modules/.pnpm/next@15.2.4_@babel+core@7.2_9ae94504e71afbbf12417084439d6b89/node_modules/next/dist/client/components/react-dev-overlay/app/hot-reloader-client.js:73
[  142980ms] [LOG] [Fast Refresh] rebuilding @ webpack-internal:///(app-pages-browser)/./node_modules/.pnpm/next@15.2.4_@babel+core@7.2_9ae94504e71afbbf12417084439d6b89/node_modules/next/dist/client/components/react-dev-overlay/app/hot-reloader-client.js:241
[  143760ms] [LOG] [Fast Refresh] done in 781ms @ webpack-internal:///(app-pages-browser)/./node_modules/.pnpm/next@15.2.4_@babel+core@7.2_9ae94504e71afbbf12417084439d6b89/node_modules/next/dist/client/components/react-dev-overlay/app/hot-reloader-client.js:73
[  143766ms] [LOG] [Fast Refresh] rebuilding @ webpack-internal:///(app-pages-browser)/./node_modules/.pnpm/next@15.2.4_@babel+core@7.2_9ae94504e71afbbf12417084439d6b89/node_modules/next/dist/client/components/react-dev-overlay/app/hot-reloader-client.js:241
[  144567ms] [LOG] [Fast Refresh] done in 801ms @ webpack-internal:///(app-pages-browser)/./node_modules/.pnpm/next@15.2.4_@babel+core@7.2_9ae94504e71afbbf12417084439d6b89/node_modules/next/dist/client/components/react-dev-overlay/app/hot-reloader-client.js:73
[  144573ms] [LOG] [Fast Refresh] rebuilding @ webpack-internal:///(app-pages-browser)/./node_modules/.pnpm/next@15.2.4_@babel+core@7.2_9ae94504e71afbbf12417084439d6b89/node_modules/next/dist/client/components/react-dev-overlay/app/hot-reloader-client.js:241
[  145393ms] [LOG] [Fast Refresh] done in 820ms @ webpack-internal:///(app-pages-browser)/./node_modules/.pnpm/next@15.2.4_@babel+core@7.2_9ae94504e71afbbf12417084439d6b89/node_modules/next/dist/client/components/react-dev-overlay/app/hot-reloader-client.js:73
[  145398ms] [LOG] [Fast Refresh] rebuilding @ webpack-internal:///(app-pages-browser)/./node_modules/.pnpm/next@15.2.4_@babel+core@7.2_9ae94504e71afbbf12417084439d6b89/node_modules/next/dist/client/components/react-dev-overlay/app/hot-reloader-client.js:241
[  146200ms] [LOG] [Fast Refresh] done in 803ms @ webpack-internal:///(app-pages-browser)/./node_modules/.pnpm/next@15.2.4_@babel+core@7.2_9ae94504e71afbbf12417084439d6b89/node_modules/next/dist/client/components/react-dev-overlay/app/hot-reloader-client.js:73
[  146207ms] [LOG] [Fast Refresh] rebuilding @ webpack-internal:///(app-pages-browser)/./node_modules/.pnpm/next@15.2.4_@babel+core@7.2_9ae94504e71afbbf12417084439d6b89/node_modules/next/dist/client/components/react-dev-overlay/app/hot-reloader-client.js:241
[  146981ms] [LOG] [Fast Refresh] done in 773ms @ webpack-internal:///(app-pages-browser)/./node_modules/.pnpm/next@15.2.4_@babel+core@7.2_9ae94504e71afbbf12417084439d6b89/node_modules/next/dist/client/components/react-dev-overlay/app/hot-reloader-client.js:73
[  146990ms] [LOG] [Fast Refresh] rebuilding @ webpack-internal:///(app-pages-browser)/./node_modules/.pnpm/next@15.2.4_@babel+core@7.2_9ae94504e71afbbf12417084439d6b89/node_modules/next/dist/client/components/react-dev-overlay/app/hot-reloader-client.js:241
[  147772ms] [LOG] [Fast Refresh] done in 783ms @ webpack-internal:///(app-pages-browser)/./node_modules/.pnpm/next@15.2.4_@babel+core@7.2_9ae94504e71afbbf12417084439d6b89/node_modules/next/dist/client/components/react-dev-overlay/app/hot-reloader-client.js:73
[  147779ms] [LOG] [Fast Refresh] rebuilding @ webpack-internal:///(app-pages-browser)/./node_modules/.pnpm/next@15.2.4_@babel+core@7.2_9ae94504e71afbbf12417084439d6b89/node_modules/next/dist/client/components/react-dev-overlay/app/hot-reloader-client.js:241
[  148576ms] [LOG] [Fast Refresh] done in 798ms @ webpack-internal:///(app-pages-browser)/./node_modules/.pnpm/next@15.2.4_@babel+core@7.2_9ae94504e71afbbf12417084439d6b89/node_modules/next/dist/client/components/react-dev-overlay/app/hot-reloader-client.js:73
[  148582ms] [LOG] [Fast Refresh] rebuilding @ webpack-internal:///(app-pages-browser)/./node_modules/.pnpm/next@15.2.4_@babel+core@7.2_9ae94504e71afbbf12417084439d6b89/node_modules/next/dist/client/components/react-dev-overlay/app/hot-reloader-client.js:241
[  149367ms] [LOG] [Fast Refresh] done in 786ms @ webpack-internal:///(app-pages-browser)/./node_modules/.pnpm/next@15.2.4_@babel+core@7.2_9ae94504e71afbbf12417084439d6b89/node_modules/next/dist/client/components/react-dev-overlay/app/hot-reloader-client.js:73
[  149374ms] [LOG] [Fast Refresh] rebuilding @ webpack-internal:///(app-pages-browser)/./node_modules/.pnpm/next@15.2.4_@babel+core@7.2_9ae94504e71afbbf12417084439d6b89/node_modules/next/dist/client/components/react-dev-overlay/app/hot-reloader-client.js:241
[  150183ms] [LOG] [Fast Refresh] done in 808ms @ webpack-internal:///(app-pages-browser)/./node_modules/.pnpm/next@15.2.4_@babel+core@7.2_9ae94504e71afbbf12417084439d6b89/node_modules/next/dist/client/components/react-dev-overlay/app/hot-reloader-client.js:73
[  150190ms] [LOG] [Fast Refresh] rebuilding @ webpack-internal:///(app-pages-browser)/./node_modules/.pnpm/next@15.2.4_@babel+core@7.2_9ae94504e71afbbf12417084439d6b89/node_modules/next/dist/client/components/react-dev-overlay/app/hot-reloader-client.js:241
[  151045ms] [LOG] [Fast Refresh] done in 855ms @ webpack-internal:///(app-pages-browser)/./node_modules/.pnpm/next@15.2.4_@babel+core@7.2_9ae94504e71afbbf12417084439d6b89/node_modules/next/dist/client/components/react-dev-overlay/app/hot-reloader-client.js:73
[  151052ms] [LOG] [Fast Refresh] rebuilding @ webpack-internal:///(app-pages-browser)/./node_modules/.pnpm/next@15.2.4_@babel+core@7.2_9ae94504e71afbbf12417084439d6b89/node_modules/next/dist/client/components/react-dev-overlay/app/hot-reloader-client.js:241
[  151884ms] [LOG] [Fast Refresh] done in 831ms @ webpack-internal:///(app-pages-browser)/./node_modules/.pnpm/next@15.2.4_@babel+core@7.2_9ae94504e71afbbf12417084439d6b89/node_modules/next/dist/client/components/react-dev-overlay/app/hot-reloader-client.js:73
[  151892ms] [LOG] [Fast Refresh] rebuilding @ webpack-internal:///(app-pages-browser)/./node_modules/.pnpm/next@15.2.4_@babel+core@7.2_9ae94504e71afbbf12417084439d6b89/node_modules/next/dist/client/components/react-dev-overlay/app/hot-reloader-client.js:241
[  153011ms] [LOG] [Fast Refresh] done in 1120ms @ webpack-internal:///(app-pages-browser)/./node_modules/.pnpm/next@15.2.4_@babel+core@7.2_9ae94504e71afbbf12417084439d6b89/node_modules/next/dist/client/components/react-dev-overlay/app/hot-reloader-client.js:73
[  153017ms] [LOG] [Fast Refresh] rebuilding @ webpack-internal:///(app-pages-browser)/./node_modules/.pnpm/next@15.2.4_@babel+core@7.2_9ae94504e71afbbf12417084439d6b89/node_modules/next/dist/client/components/react-dev-overlay/app/hot-reloader-client.js:241
[  153849ms] [LOG] [Fast Refresh] done in 831ms @ webpack-internal:///(app-pages-browser)/./node_modules/.pnpm/next@15.2.4_@babel+core@7.2_9ae94504e71afbbf12417084439d6b89/node_modules/next/dist/client/components/react-dev-overlay/app/hot-reloader-client.js:73
[  153857ms] [LOG] [Fast Refresh] rebuilding @ webpack-internal:///(app-pages-browser)/./node_modules/.pnpm/next@15.2.4_@babel+core@7.2_9ae94504e71afbbf12417084439d6b89/node_modules/next/dist/client/components/react-dev-overlay/app/hot-reloader-client.js:241
[  154672ms] [LOG] [Fast Refresh] done in 815ms @ webpack-internal:///(app-pages-browser)/./node_modules/.pnpm/next@15.2.4_@babel+core@7.2_9ae94504e71afbbf12417084439d6b89/node_modules/next/dist/client/components/react-dev-overlay/app/hot-reloader-client.js:73
[  154678ms] [LOG] [Fast Refresh] rebuilding @ webpack-internal:///(app-pages-browser)/./node_modules/.pnpm/next@15.2.4_@babel+core@7.2_9ae94504e71afbbf12417084439d6b89/node_modules/next/dist/client/components/react-dev-overlay/app/hot-reloader-client.js:241
[  155485ms] [LOG] [Fast Refresh] done in 806ms @ webpack-internal:///(app-pages-browser)/./node_modules/.pnpm/next@15.2.4_@babel+core@7.2_9ae94504e71afbbf12417084439d6b89/node_modules/next/dist/client/components/react-dev-overlay/app/hot-reloader-client.js:73
[  155491ms] [LOG] [Fast Refresh] rebuilding @ webpack-internal:///(app-pages-browser)/./node_modules/.pnpm/next@15.2.4_@babel+core@7.2_9ae94504e71afbbf12417084439d6b89/node_modules/next/dist/client/components/react-dev-overlay/app/hot-reloader-client.js:241
[  156316ms] [LOG] [Fast Refresh] done in 825ms @ webpack-internal:///(app-pages-browser)/./node_modules/.pnpm/next@15.2.4_@babel+core@7.2_9ae94504e71afbbf12417084439d6b89/node_modules/next/dist/client/components/react-dev-overlay/app/hot-reloader-client.js:73
[  156322ms] [LOG] [Fast Refresh] rebuilding @ webpack-internal:///(app-pages-browser)/./node_modules/.pnpm/next@15.2.4_@babel+core@7.2_9ae94504e71afbbf12417084439d6b89/node_modules/next/dist/client/components/react-dev-overlay/app/hot-reloader-client.js:241
[  157117ms] [LOG] [Fast Refresh] done in 795ms @ webpack-internal:///(app-pages-browser)/./node_modules/.pnpm/next@15.2.4_@babel+core@7.2_9ae94504e71afbbf12417084439d6b89/node_modules/next/dist/client/components/react-dev-overlay/app/hot-reloader-client.js:73
[  157123ms] [LOG] [Fast Refresh] rebuilding @ webpack-internal:///(app-pages-browser)/./node_modules/.pnpm/next@15.2.4_@babel+core@7.2_9ae94504e71afbbf12417084439d6b89/node_modules/next/dist/client/components/react-dev-overlay/app/hot-reloader-client.js:241
[  157924ms] [LOG] [Fast Refresh] done in 802ms @ webpack-internal:///(app-pages-browser)/./node_modules/.pnpm/next@15.2.4_@babel+core@7.2_9ae94504e71afbbf12417084439d6b89/node_modules/next/dist/client/components/react-dev-overlay/app/hot-reloader-client.js:73
[  157930ms] [LOG] [Fast Refresh] rebuilding @ webpack-internal:///(app-pages-browser)/./node_modules/.pnpm/next@15.2.4_@babel+core@7.2_9ae94504e71afbbf12417084439d6b89/node_modules/next/dist/client/components/react-dev-overlay/app/hot-reloader-client.js:241
[  158711ms] [LOG] [Fast Refresh] done in 781ms @ webpack-internal:///(app-pages-browser)/./node_modules/.pnpm/next@15.2.4_@babel+core@7.2_9ae94504e71afbbf12417084439d6b89/node_modules/next/dist/client/components/react-dev-overlay/app/hot-reloader-client.js:73
[  158717ms] [LOG] [Fast Refresh] rebuilding @ webpack-internal:///(app-pages-browser)/./node_modules/.pnpm/next@15.2.4_@babel+core@7.2_9ae94504e71afbbf12417084439d6b89/node_modules/next/dist/client/components/react-dev-overlay/app/hot-reloader-client.js:241
[  159516ms] [LOG] [Fast Refresh] done in 798ms @ webpack-internal:///(app-pages-browser)/./node_modules/.pnpm/next@15.2.4_@babel+core@7.2_9ae94504e71afbbf12417084439d6b89/node_modules/next/dist/client/components/react-dev-overlay/app/hot-reloader-client.js:73
[  159523ms] [LOG] [Fast Refresh] rebuilding @ webpack-internal:///(app-pages-browser)/./node_modules/.pnpm/next@15.2.4_@babel+core@7.2_9ae94504e71afbbf12417084439d6b89/node_modules/next/dist/client/components/react-dev-overlay/app/hot-reloader-client.js:241
[  160327ms] [LOG] [Fast Refresh] done in 803ms @ webpack-internal:///(app-pages-browser)/./node_modules/.pnpm/next@15.2.4_@babel+core@7.2_9ae94504e71afbbf12417084439d6b89/node_modules/next/dist/client/components/react-dev-overlay/app/hot-reloader-client.js:73
[  160334ms] [LOG] [Fast Refresh] rebuilding @ webpack-internal:///(app-pages-browser)/./node_modules/.pnpm/next@15.2.4_@babel+core@7.2_9ae94504e71afbbf12417084439d6b89/node_modules/next/dist/client/components/react-dev-overlay/app/hot-reloader-client.js:241
[  161129ms] [LOG] [Fast Refresh] done in 795ms @ webpack-internal:///(app-pages-browser)/./node_modules/.pnpm/next@15.2.4_@babel+core@7.2_9ae94504e71afbbf12417084439d6b89/node_modules/next/dist/client/components/react-dev-overlay/app/hot-reloader-client.js:73
[  161135ms] [LOG] [Fast Refresh] rebuilding @ webpack-internal:///(app-pages-browser)/./node_modules/.pnpm/next@15.2.4_@babel+core@7.2_9ae94504e71afbbf12417084439d6b89/node_modules/next/dist/client/components/react-dev-overlay/app/hot-reloader-client.js:241
[  161923ms] [LOG] [Fast Refresh] done in 788ms @ webpack-internal:///(app-pages-browser)/./node_modules/.pnpm/next@15.2.4_@babel+core@7.2_9ae94504e71afbbf12417084439d6b89/node_modules/next/dist/client/components/react-dev-overlay/app/hot-reloader-client.js:73
[  161928ms] [LOG] [Fast Refresh] rebuilding @ webpack-internal:///(app-pages-browser)/./node_modules/.pnpm/next@15.2.4_@babel+core@7.2_9ae94504e71afbbf12417084439d6b89/node_modules/next/dist/client/components/react-dev-overlay/app/hot-reloader-client.js:241
[  162715ms] [LOG] [Fast Refresh] done in 786ms @ webpack-internal:///(app-pages-browser)/./node_modules/.pnpm/next@15.2.4_@babel+core@7.2_9ae94504e71afbbf12417084439d6b89/node_modules/next/dist/client/components/react-dev-overlay/app/hot-reloader-client.js:73
[  162720ms] [LOG] [Fast Refresh] rebuilding @ webpack-internal:///(app-pages-browser)/./node_modules/.pnpm/next@15.2.4_@babel+core@7.2_9ae94504e71afbbf12417084439d6b89/node_modules/next/dist/client/components/react-dev-overlay/app/hot-reloader-client.js:241
[  163510ms] [LOG] [Fast Refresh] done in 790ms @ webpack-internal:///(app-pages-browser)/./node_modules/.pnpm/next@15.2.4_@babel+core@7.2_9ae94504e71afbbf12417084439d6b89/node_modules/next/dist/client/components/react-dev-overlay/app/hot-reloader-client.js:73
[  163516ms] [LOG] [Fast Refresh] rebuilding @ webpack-internal:///(app-pages-browser)/./node_modules/.pnpm/next@15.2.4_@babel+core@7.2_9ae94504e71afbbf12417084439d6b89/node_modules/next/dist/client/components/react-dev-overlay/app/hot-reloader-client.js:241
[  164314ms] [LOG] [Fast Refresh] done in 798ms @ webpack-internal:///(app-pages-browser)/./node_modules/.pnpm/next@15.2.4_@babel+core@7.2_9ae94504e71afbbf12417084439d6b89/node_modules/next/dist/client/components/react-dev-overlay/app/hot-reloader-client.js:73
[  164321ms] [LOG] [Fast Refresh] rebuilding @ webpack-internal:///(app-pages-browser)/./node_modules/.pnpm/next@15.2.4_@babel+core@7.2_9ae94504e71afbbf12417084439d6b89/node_modules/next/dist/client/components/react-dev-overlay/app/hot-reloader-client.js:241
[  165116ms] [LOG] [Fast Refresh] done in 795ms @ webpack-internal:///(app-pages-browser)/./node_modules/.pnpm/next@15.2.4_@babel+core@7.2_9ae94504e71afbbf12417084439d6b89/node_modules/next/dist/client/components/react-dev-overlay/app/hot-reloader-client.js:73
[  165122ms] [LOG] [Fast Refresh] rebuilding @ webpack-internal:///(app-pages-browser)/./node_modules/.pnpm/next@15.2.4_@babel+core@7.2_9ae94504e71afbbf12417084439d6b89/node_modules/next/dist/client/components/react-dev-overlay/app/hot-reloader-client.js:241
[  165918ms] [LOG] [Fast Refresh] done in 796ms @ webpack-internal:///(app-pages-browser)/./node_modules/.pnpm/next@15.2.4_@babel+core@7.2_9ae94504e71afbbf12417084439d6b89/node_modules/next/dist/client/components/react-dev-overlay/app/hot-reloader-client.js:73
[  165924ms] [LOG] [Fast Refresh] rebuilding @ webpack-internal:///(app-pages-browser)/./node_modules/.pnpm/next@15.2.4_@babel+core@7.2_9ae94504e71afbbf12417084439d6b89/node_modules/next/dist/client/components/react-dev-overlay/app/hot-reloader-client.js:241
[  166744ms] [LOG] [Fast Refresh] done in 821ms @ webpack-internal:///(app-pages-browser)/./node_modules/.pnpm/next@15.2.4_@babel+core@7.2_9ae94504e71afbbf12417084439d6b89/node_modules/next/dist/client/components/react-dev-overlay/app/hot-reloader-client.js:73
[  166750ms] [LOG] [Fast Refresh] rebuilding @ webpack-internal:///(app-pages-browser)/./node_modules/.pnpm/next@15.2.4_@babel+core@7.2_9ae94504e71afbbf12417084439d6b89/node_modules/next/dist/client/components/react-dev-overlay/app/hot-reloader-client.js:241
[  167540ms] [LOG] [Fast Refresh] done in 789ms @ webpack-internal:///(app-pages-browser)/./node_modules/.pnpm/next@15.2.4_@babel+core@7.2_9ae94504e71afbbf12417084439d6b89/node_modules/next/dist/client/components/react-dev-overlay/app/hot-reloader-client.js:73
[  167546ms] [LOG] [Fast Refresh] rebuilding @ webpack-internal:///(app-pages-browser)/./node_modules/.pnpm/next@15.2.4_@babel+core@7.2_9ae94504e71afbbf12417084439d6b89/node_modules/next/dist/client/components/react-dev-overlay/app/hot-reloader-client.js:241
[  168341ms] [LOG] [Fast Refresh] done in 795ms @ webpack-internal:///(app-pages-browser)/./node_modules/.pnpm/next@15.2.4_@babel+core@7.2_9ae94504e71afbbf12417084439d6b89/node_modules/next/dist/client/components/react-dev-overlay/app/hot-reloader-client.js:73
[  168348ms] [LOG] [Fast Refresh] rebuilding @ webpack-internal:///(app-pages-browser)/./node_modules/.pnpm/next@15.2.4_@babel+core@7.2_9ae94504e71afbbf12417084439d6b89/node_modules/next/dist/client/components/react-dev-overlay/app/hot-reloader-client.js:241
[  169177ms] [LOG] [Fast Refresh] done in 830ms @ webpack-internal:///(app-pages-browser)/./node_modules/.pnpm/next@15.2.4_@babel+core@7.2_9ae94504e71afbbf12417084439d6b89/node_modules/next/dist/client/components/react-dev-overlay/app/hot-reloader-client.js:73
[  169186ms] [LOG] [Fast Refresh] rebuilding @ webpack-internal:///(app-pages-browser)/./node_modules/.pnpm/next@15.2.4_@babel+core@7.2_9ae94504e71afbbf12417084439d6b89/node_modules/next/dist/client/components/react-dev-overlay/app/hot-reloader-client.js:241
[  170257ms] [LOG] [Fast Refresh] done in 1070ms @ webpack-internal:///(app-pages-browser)/./node_modules/.pnpm/next@15.2.4_@babel+core@7.2_9ae94504e71afbbf12417084439d6b89/node_modules/next/dist/client/components/react-dev-overlay/app/hot-reloader-client.js:73
[  170262ms] [LOG] [Fast Refresh] rebuilding @ webpack-internal:///(app-pages-browser)/./node_modules/.pnpm/next@15.2.4_@babel+core@7.2_9ae94504e71afbbf12417084439d6b89/node_modules/next/dist/client/components/react-dev-overlay/app/hot-reloader-client.js:241
[  171124ms] [LOG] [Fast Refresh] done in 862ms @ webpack-internal:///(app-pages-browser)/./node_modules/.pnpm/next@15.2.4_@babel+core@7.2_9ae94504e71afbbf12417084439d6b89/node_modules/next/dist/client/components/react-dev-overlay/app/hot-reloader-client.js:73
[  171134ms] [LOG] [Fast Refresh] rebuilding @ webpack-internal:///(app-pages-browser)/./node_modules/.pnpm/next@15.2.4_@babel+core@7.2_9ae94504e71afbbf12417084439d6b89/node_modules/next/dist/client/components/react-dev-overlay/app/hot-reloader-client.js:241
[  171944ms] [LOG] [Fast Refresh] done in 811ms @ webpack-internal:///(app-pages-browser)/./node_modules/.pnpm/next@15.2.4_@babel+core@7.2_9ae94504e71afbbf12417084439d6b89/node_modules/next/dist/client/components/react-dev-overlay/app/hot-reloader-client.js:73
[  171950ms] [LOG] [Fast Refresh] rebuilding @ webpack-internal:///(app-pages-browser)/./node_modules/.pnpm/next@15.2.4_@babel+core@7.2_9ae94504e71afbbf12417084439d6b89/node_modules/next/dist/client/components/react-dev-overlay/app/hot-reloader-client.js:241
[  172758ms] [LOG] [Fast Refresh] done in 808ms @ webpack-internal:///(app-pages-browser)/./node_modules/.pnpm/next@15.2.4_@babel+core@7.2_9ae94504e71afbbf12417084439d6b89/node_modules/next/dist/client/components/react-dev-overlay/app/hot-reloader-client.js:73
[  172765ms] [LOG] [Fast Refresh] rebuilding @ webpack-internal:///(app-pages-browser)/./node_modules/.pnpm/next@15.2.4_@babel+core@7.2_9ae94504e71afbbf12417084439d6b89/node_modules/next/dist/client/components/react-dev-overlay/app/hot-reloader-client.js:241
[  173552ms] [LOG] [Fast Refresh] done in 788ms @ webpack-internal:///(app-pages-browser)/./node_modules/.pnpm/next@15.2.4_@babel+core@7.2_9ae94504e71afbbf12417084439d6b89/node_modules/next/dist/client/components/react-dev-overlay/app/hot-reloader-client.js:73
[  173560ms] [LOG] [Fast Refresh] rebuilding @ webpack-internal:///(app-pages-browser)/./node_modules/.pnpm/next@15.2.4_@babel+core@7.2_9ae94504e71afbbf12417084439d6b89/node_modules/next/dist/client/components/react-dev-overlay/app/hot-reloader-client.js:241
[  174350ms] [LOG] [Fast Refresh] done in 789ms @ webpack-internal:///(app-pages-browser)/./node_modules/.pnpm/next@15.2.4_@babel+core@7.2_9ae94504e71afbbf12417084439d6b89/node_modules/next/dist/client/components/react-dev-overlay/app/hot-reloader-client.js:73
[  174355ms] [LOG] [Fast Refresh] rebuilding @ webpack-internal:///(app-pages-browser)/./node_modules/.pnpm/next@15.2.4_@babel+core@7.2_9ae94504e71afbbf12417084439d6b89/node_modules/next/dist/client/components/react-dev-overlay/app/hot-reloader-client.js:241
[  175134ms] [LOG] [Fast Refresh] done in 778ms @ webpack-internal:///(app-pages-browser)/./node_modules/.pnpm/next@15.2.4_@babel+core@7.2_9ae94504e71afbbf12417084439d6b89/node_modules/next/dist/client/components/react-dev-overlay/app/hot-reloader-client.js:73
[  175139ms] [LOG] [Fast Refresh] rebuilding @ webpack-internal:///(app-pages-browser)/./node_modules/.pnpm/next@15.2.4_@babel+core@7.2_9ae94504e71afbbf12417084439d6b89/node_modules/next/dist/client/components/react-dev-overlay/app/hot-reloader-client.js:241
[  175973ms] [LOG] [Fast Refresh] done in 834ms @ webpack-internal:///(app-pages-browser)/./node_modules/.pnpm/next@15.2.4_@babel+core@7.2_9ae94504e71afbbf12417084439d6b89/node_modules/next/dist/client/components/react-dev-overlay/app/hot-reloader-client.js:73
[  175978ms] [LOG] [Fast Refresh] rebuilding @ webpack-internal:///(app-pages-browser)/./node_modules/.pnpm/next@15.2.4_@babel+core@7.2_9ae94504e71afbbf12417084439d6b89/node_modules/next/dist/client/components/react-dev-overlay/app/hot-reloader-client.js:241
[  176806ms] [LOG] [Fast Refresh] done in 828ms @ webpack-internal:///(app-pages-browser)/./node_modules/.pnpm/next@15.2.4_@babel+core@7.2_9ae94504e71afbbf12417084439d6b89/node_modules/next/dist/client/components/react-dev-overlay/app/hot-reloader-client.js:73
[  176813ms] [LOG] [Fast Refresh] rebuilding @ webpack-internal:///(app-pages-browser)/./node_modules/.pnpm/next@15.2.4_@babel+core@7.2_9ae94504e71afbbf12417084439d6b89/node_modules/next/dist/client/components/react-dev-overlay/app/hot-reloader-client.js:241
[  177618ms] [LOG] [Fast Refresh] done in 805ms @ webpack-internal:///(app-pages-browser)/./node_modules/.pnpm/next@15.2.4_@babel+core@7.2_9ae94504e71afbbf12417084439d6b89/node_modules/next/dist/client/components/react-dev-overlay/app/hot-reloader-client.js:73
[  177626ms] [LOG] [Fast Refresh] rebuilding @ webpack-internal:///(app-pages-browser)/./node_modules/.pnpm/next@15.2.4_@babel+core@7.2_9ae94504e71afbbf12417084439d6b89/node_modules/next/dist/client/components/react-dev-overlay/app/hot-reloader-client.js:241
[  178428ms] [LOG] [Fast Refresh] done in 802ms @ webpack-internal:///(app-pages-browser)/./node_modules/.pnpm/next@15.2.4_@babel+core@7.2_9ae94504e71afbbf12417084439d6b89/node_modules/next/dist/client/components/react-dev-overlay/app/hot-reloader-client.js:73
[  178434ms] [LOG] [Fast Refresh] rebuilding @ webpack-internal:///(app-pages-browser)/./node_modules/.pnpm/next@15.2.4_@babel+core@7.2_9ae94504e71afbbf12417084439d6b89/node_modules/next/dist/client/components/react-dev-overlay/app/hot-reloader-client.js:241
[  179281ms] [LOG] [Fast Refresh] done in 847ms @ webpack-internal:///(app-pages-browser)/./node_modules/.pnpm/next@15.2.4_@babel+core@7.2_9ae94504e71afbbf12417084439d6b89/node_modules/next/dist/client/components/react-dev-overlay/app/hot-reloader-client.js:73
[  179287ms] [LOG] [Fast Refresh] rebuilding @ webpack-internal:///(app-pages-browser)/./node_modules/.pnpm/next@15.2.4_@babel+core@7.2_9ae94504e71afbbf12417084439d6b89/node_modules/next/dist/client/components/react-dev-overlay/app/hot-reloader-client.js:241
[  180084ms] [LOG] [Fast Refresh] done in 797ms @ webpack-internal:///(app-pages-browser)/./node_modules/.pnpm/next@15.2.4_@babel+core@7.2_9ae94504e71afbbf12417084439d6b89/node_modules/next/dist/client/components/react-dev-overlay/app/hot-reloader-client.js:73
[  180090ms] [LOG] [Fast Refresh] rebuilding @ webpack-internal:///(app-pages-browser)/./node_modules/.pnpm/next@15.2.4_@babel+core@7.2_9ae94504e71afbbf12417084439d6b89/node_modules/next/dist/client/components/react-dev-overlay/app/hot-reloader-client.js:241
[  180940ms] [LOG] [Fast Refresh] done in 849ms @ webpack-internal:///(app-pages-browser)/./node_modules/.pnpm/next@15.2.4_@babel+core@7.2_9ae94504e71afbbf12417084439d6b89/node_modules/next/dist/client/components/react-dev-overlay/app/hot-reloader-client.js:73
[  180950ms] [LOG] [Fast Refresh] rebuilding @ webpack-internal:///(app-pages-browser)/./node_modules/.pnpm/next@15.2.4_@babel+core@7.2_9ae94504e71afbbf12417084439d6b89/node_modules/next/dist/client/components/react-dev-overlay/app/hot-reloader-client.js:241
